-0.916826379846055,-1.4827977946051,-0.600000072226699,3.01640147296913,-1.41151039213368,-0.896603247036448,0.167295422001973,-1.11895633631566,0.286493725588577,-3.42308922985681,-0.730129541632804,-0.624488710429599,0.280868646344195,-0.932512657669603,-0.871203821269404,-0.844681483201639,-0.933434475123987,-1.07165912501028,-0.826205691387322,-1.2840506486742,1.63384597258039,-1.50899774213328,-2.31138567933717,0.0455922242713196,-0.395049705658347,-0.368215775405984,-1.14624648504372,2.33106591609121,-1.28293996270399,-0.691049443534098,-0.00914025904377549,-1.29418596859353,0.0638582741234929,-1.06063276791699,1.61038795532735,2.29590410506837,-0.485644870830313,1.67916086681654,1.61892454277395,2.58664698377558,-1.95488650909713,0.206946533285489,-0.516979267419049,-0.160437718080186,-1.1087041597177,0.362964536324124,-1.95810429794487,-0.00133516969625819,-1.42966482959403,0.0469349672376521,-0.165035152261585,0.593923709169432,-0.41771413105214,-0.928414334482431,0.319057059579564
-0.374748524746261,-0.350030188945816,-0.350227413182409,0.96481863404763,-0.0312539731142791,-0.63352111597302,1.13886949431233,0.0863786396389914,0.305009519491978,-0.810437295792903,-0.148113223937105,-0.10980004558799,-0.227338453043743,-0.250104164515156,-0.307016690240156,-1.22587062136014,-0.33230043597725,-1.13683363813407,-0.29307218172311,-0.649920375871051,0.663708077615973,-0.206190410874367,-1.04008616902438,1.09409149403673,-0.0444503225264596,0.18950057511892,-0.397304367288726,1.22886530075605,-0.463924068194875,-0.243385038807274,1.82296805365164,-0.46207532945967,-0.266252984498752,-0.455065635393256,0.648794063909073,1.73244936906369,-0.835922284207959,0.509333302401688,0.0709964458203849,1.13393506332164,-0.791066875494512,1.10543046901381,0.259555703517082,0.320719278818536,-0.222391688197824,1.65584388835417,-0.76295474997438,0.0665830837173679,-0.817698653851848,1.04122352748326,0.878137957208017,1.26790580044477,0.37707939217288,0.0359504505629182,0.23449104064878
0.231365538009804,-0.0615445269431863,-0.419968752970438,0.043464448940074,-0.151158571415062,-0.496953310905089,1.02428110698286,0.312952791022964,0.0163793981970386,-0.298950382991483,0.190588303562703,0.526742781703555,0.341529130376711,0.225757064094199,0.416936376651648,0.197106120543737,0.150929036216355,0.12356069735532,0.327207056525628,-0.512088683853029,0.160997851992438,-0.204972852608964,-0.578806757537651,0.902993430560827,0.0369640744399833,0.0333453362886674,-0.194400226619665,0.613860671792874,-0.580838518725579,-0.16032991285923,1.40079664350641,-0.371053015239163,0.116891994217995,-0.381869038299079,0.199765867379045,0.3681963508466,0.00417276235212513,0.469676575584937,0.149715370805907,0.406789917163493,-0.733731442837506,0.934166952481585,0.10990728285692,-0.116650659404092,-0.151567814438592,1.3226425724476,-0.332537029481856,0.0401570201379511,-0.442643072465018,0.903554193558868,0.927879582583342,1.13022821479528,0.224423727591765,0.278657730780263,0.195328707605982
1.80901267285789,-0.0571550888604755,1.05046261928551,-0.612287065879581,-0.144831595179718,-0.720393048814189,-1.53662509247992,-0.0864039311285947,-1.22113142275111,0.185573069761761,1.9117755627187,-0.436243604946259,-2.50103726402723,1.8938862100198,0.372500005614334,-0.37221667346472,1.97241082918806,-0.918475248154461,1.65127435401138,0.873677850713686,-0.598564815021547,-0.0195209067996371,-0.804709530728345,-1.65433155433925,-0.0744857340966905,-1.39664637790592,0.000823116537427504,-1.19010809285201,0.842614420621249,0.952541287050425,-1.06459766618556,0.990342774721235,-1.22563546644387,0.930794948464639,-0.711241179615381,0.0390668924007431,0.732627373807066,-0.515532051361368,1.15418646673553,-0.813558373652613,-0.862412453846343,-1.72563059666361,-0.255370598200903,-1.5062921442722,-0.124923633424386,-0.405557811005147,-0.643269864175665,-0.49122784249241,-0.823102823681404,-1.66323690232976,-0.00593345118138267,-1.51505804554774,-1.30054986783983,0.0135274323462125,-1.19315456784745
0.821165907174955,0.33618505355663,-1.22620011712935,-0.181425759063444,0.451755265357377,0.345895958262117,0.312345803093575,0.288729012413623,-0.42407104900961,1.71607276333225,1.01069853984711,1.99707064000774,-0.514660290444857,1.02005099181958,1.35716134951804,-0.678647885960761,1.03840340680612,2.30944039087802,1.02149207909821,-1.13031193188715,-0.0702051930941782,-0.080322202176258,0.358487473259176,0.427565596611352,0.047049295615631,-0.481805019543554,-0.0532945344892554,0.753859050047563,-1.17736329653759,-0.906974084013921,1.51166105637982,-1.15914577778063,-0.188432099531381,-1.0829392288348,-0.112423402839938,-0.846802317400507,-0.285294463099146,-0.0922869159129447,0.63518440351979,-0.0207245327498917,0.435805868583533,0.464619462401692,0.226631856418055,-0.54674218042736,-0.148259808688785,0.164804841747157,0.160964229568663,0.03941454057425,0.736842767706636,0.432423285637648,1.35320944794416,0.488739058893439,-0.583627483430878,0.0605955213593181,-0.529361233523912
-0.439008619242673,-0.307813561933148,-0.486966122664183,-0.541547264876403,-0.322969316264451,3.01975058831852,0.172751691771886,0.280470315727635,0.964293143723988,-0.826701016034431,-0.597413295632428,-0.305004510043127,0.103337829796576,-0.586943752772845,0.865483663557099,1.19747530332823,-0.349384486408154,0.419733250194498,-0.331716258334831,-0.538433067144738,-0.578674490535404,-0.31163995093282,2.06848739357696,0.0460558113361085,0.484765282951091,0.791290333491463,-0.342010835494291,-0.401591909133894,-0.534797079081493,-2.4912939277149,0.284474713526134,-0.325140785779608,-1.15102356185936,-0.489785892849176,-0.670121535367939,-2.11732316226994,0.212878881209823,-0.296524494827426,-1.2063843530368,-0.602937241583028,2.15923786646535,0.0856259129991408,0.363308256318912,0.804513624713879,-0.284785559246181,0.838183137338721,2.59627189155966,-0.616167232879867,2.94439676628685,0.063070771925845,1.06183879280824,0.295535587715251,1.27921124894557,0.346496043921677,0.837664925345108
1.03196109981992,0.0449752414575642,-0.111958945444319,1.94869781214041,-0.166849608214327,0.150479169369056,0.960488974196526,-0.580216847855276,-1.31434453224237,0.173267500968448,0.876636400296947,1.68636263741697,-0.388912007042977,0.928804724046353,1.08752883344537,-0.474938193083926,1.04190082356815,1.650180888219,0.997004651912541,-0.0942460445450652,1.52389759960802,0.180653333822144,0.119718047072551,0.870515618711018,-0.127109722658724,-1.18384044934524,-0.0636221074098249,1.65908874510427,-0.197344666591013,0.1037860000331,1.5250544862657,-0.276768728691672,-1.20253211417399,-0.0891889565516881,1.36657433347586,1.13747029015091,-1.04711618434131,1.37010162955021,2.06359398862489,1.92200301484008,0.183496322498482,0.923353208584599,-0.566367121591643,-1.35357477316898,-0.214672744759656,1.084583002204,0.00997594088111226,-1.50221259327732,0.210621612847247,1.2517516849686,2.02548195005832,0.911166951481897,-1.14310482942436,-0.711951949278491,-1.34699542119265
-1.31907247026389,0.0882727291006884,-0.953603876869042,0.134649577052955,0.177880671768654,-0.336416499877033,-0.738653261699822,0.29900897760652,-0.145648175941619,1.82684024278544,-1.24941755367743,-0.425856250402273,1.37444045463379,-1.25266702076721,-1.55631318971757,0.854884189508041,-1.16689009697751,-0.172315184422384,-1.39552191596256,-0.730846645956373,0.242132851888821,0.00383755710463814,-0.036237090097329,-0.765379733155074,0.259674738518894,-0.0346483452984607,1.0345141553343,0.765126412873163,-0.71113963534626,-0.885635251596351,0.165564509012499,-0.610341594974079,0.65453712227961,-1.1894424869916,0.194985068433803,0.113847166308887,0.489274051428922,0.0806458049242935,0.527788346967794,-0.320639076782114,-0.107586847530153,-0.714631584625253,0.152505626646015,-0.1536967386488,1.22465027479122,-0.963587901913,0.33469209314283,0.0168555796144156,-0.262053460968467,-0.635809351383046,-0.382145854341777,-0.960681158654293,-0.0945523286830154,1.42396491448479,-0.247313588769487
-0.248052831014185,0.0581105579252555,-0.507024271900459,-1.52473005610205,0.195712937854324,-0.397556155089029,1.60383619505274,0.0905052537668941,0.403216809283912,-0.112688687466071,-0.363338868945269,0.387236718958588,0.529835241193965,-0.338522339093011,0.000892806167062443,-1.25346785185867,-0.340274488451285,-0.480547800716074,-0.267660305637514,-0.621426261302309,-1.59124613455753,0.320104562567272,-0.478929320228741,1.45641283777888,0.0527190446696646,0.424943543656403,0.0129750441166069,-0.115213513764184,-0.428760370366513,-0.60126005846568,2.27007357215469,-0.542458920230182,-0.126951009208381,-0.499671384733413,-1.46836534775179,-0.533466251704533,-0.750018625035376,-1.62187207442233,-1.33942345286914,-1.43770159594457,-0.371798919771852,1.45672002488966,0.142764457186222,0.373223247325626,0.0610049352690014,1.77264830270178,-0.471622552158719,0.293981549451389,-0.42304538618689,1.55155188297026,1.35743007277014,1.65606469395444,0.44235268693695,0.0266860871067783,0.403842110654488
0.844659463344212,-0.0516363934026605,-1.6792679198381,-0.571140310695265,-0.155475812238562,-2.5062917059131,1.97999367371091,0.202439234765128,2.05331156161151,-0.529564785790045,0.868489649085439,1.2715579647215,-0.930114767452719,0.982383663756139,1.40523302901024,-1.34541561978121,0.896232894568196,-1.05332212781135,0.954309108677385,-1.50440488800222,-0.3014727282562,-0.215947533061421,-2.28796042645691,1.89002179736585,0.160273871235055,2.21155172723143,-0.304983115483916,0.71754345334854,-1.46811996016333,-0.694516005531846,1.29299725031878,-1.45555413780347,-0.432023355398253,-2.04027627857006,-0.342521571164232,1.58150468667986,-1.50590120324026,-0.283808558781272,-2.18601155488272,-0.60006677515608,-2.25623519696344,2.14551038566664,0.207242581572874,2.15135179715734,-0.358991704945925,1.83667101154383,-2.05759821217272,1.13434360655715,-2.940909553371,1.97815163657655,-0.0488825650770156,2.12898057347623,2.20555453488239,0.0139183365869981,1.99904707313806
1.34770347919253,0.0230720480845992,0.805899528555028,1.22152129638806,0.0075435066619296,-0.0623151696580281,1.31706920907891,-0.016771675375551,-0.0703366192545635,0.0179389904816727,1.34338697062475,0.952449494095927,-1.20358575411023,1.31938775528568,1.49846457648506,0.919805342318257,1.44044324832941,1.4530761941082,1.32799621474166,0.655147318585951,0.996354011316376,-0.0591206985369579,-0.122652235348392,1.29710099459808,0.0476984592775123,-0.180954971741364,0.0456533968611667,0.0329551153377711,0.691906853429123,0.987556972339822,0.743710783467527,0.673928449595237,0.55267159242521,0.769877732722161,0.8446440291344,1.31769851434701,-1.2246112582814,1.15991241891488,1.10292450647212,1.13436711123779,-0.17420796329305,1.23743324454708,-0.0791878042068734,-0.281870527320059,0.0203702680313501,1.40183765567376,-0.0628430019123836,0.159094485132424,-0.0761858956029625,1.23783049248142,1.28294177073145,1.25675650019457,-0.0464205821146649,0.00675600536904275,-0.0955077023513747
-0.046557808493063,0.0895266447574594,-2.5810127911357,-0.248435914969225,0.272494332079619,-0.944002203996495,0.950732138198568,1.67772600098772,-0.0988630779928944,0.939635641273233,0.268030365393334,-0.241265027874795,-0.125905450791433,0.362958958422697,-0.223994571336355,1.33413919333964,0.501090015394536,-0.347845605075081,0.148599926331564,-2.6909480180126,0.0576591713295613,-0.270815938504568,-0.996107315228591,1.05988237509334,1.4886006707212,0.403192120144066,-0.256836016450187,-0.567003213718511,-2.75959526150954,-2.43557514629125,1.47167825115332,-2.57255975294408,-1.80668021888092,-2.74732013319172,-0.0753792463156535,0.314952469518494,-0.480246342330457,-0.26683079488516,-0.0639374398303357,0.246238967915757,-0.98991139345811,1.10234837664516,1.82342802310057,0.160111452740616,-0.23815429214203,1.57597696456948,0.195584867911475,0.336420594757078,-0.666994022916722,0.684834632734909,0.325548771745148,1.31405001945432,0.55102208046423,1.59592925519523,0.218576831366862
0.459414100133763,-0.108176256978907,-0.0959596947240531,-0.000113867043680493,-0.0212587419524636,-1.63821716216037,-0.318886627756363,0.162895648994193,-1.86953519491244,-0.476271517131676,0.48171736408716,0.790777295313186,-0.225448431123132,0.554359781205274,0.806680240129818,0.685354229263945,0.556540522091628,1.46625152904684,0.506449361015877,-0.0441332554402559,0.178802877280534,-0.141561552031402,-1.45561872483355,-0.235823384501182,0.2326996699261,-1.8939130788987,-0.242049141848829,0.240504865539569,-0.0580804909399493,-1.05077422218966,-0.0882862707859118,-0.000357364155198603,-1.95513009016774,-0.143340528883375,0.104955653112792,1.19835382206605,0.408616858578551,0.111480330659301,1.64742361676243,0.00787606749478631,-1.51599586234317,-0.202902543784034,0.265006202441967,-1.81960355730527,-0.176455679049209,0.494852778204972,-1.23875359703568,-2.06573140227656,-1.39177045232397,-0.368084412359872,1.07964513720429,-0.243087725962498,-1.77632617835326,0.0805705269120327,-1.99746318956197
0.0819015517024229,0.119347838868333,0.0513048878590849,0.807258608272659,0.0730978690424217,-0.160185488721948,0.969823769344797,0.15803353100649,2.3340532002957,0.166381243331934,-0.0525403932377624,-0.0119768543861878,0.719236588530207,-0.00929322115778453,0.141110023194146,0.858675965299749,0.0859393575863965,1.87726329435969,0.0460407995583854,0.0576197049916688,0.679193982147706,0.0726420911478339,-0.208469039351258,0.764169293861831,0.0678967229286007,2.36554112706534,0.00110143151204323,0.525300119406068,0.0921698821535756,0.0746447200230762,0.36840299087992,0.221399387074987,2.14996055316318,-0.100371133153036,0.647274082603704,1.0381627953821,-0.695816152054258,0.938518889539875,-1.84619875812678,0.915726165646956,-0.25751570659129,0.865463554985842,-0.0608861289178052,2.45476641238624,-0.0169903662884144,0.952435289878448,-0.0617075966032533,2.77039614548345,-0.211050654647387,0.899870322900043,0.698102826361094,0.797329332962184,2.73266386363992,0.195922144188134,2.27915374340006
-0.916826379846055,-1.4827977946051,-0.600000072226699,3.01640147296913,-1.41151039213368,-0.896603247036448,0.167295422001973,-1.11895633631566,0.286493725588577,-3.42308922985681,-0.730129541632804,-0.624488710429599,0.280868646344195,-0.932512657669603,-0.871203821269404,-0.844681483201639,-0.933434475123987,-1.07165912501028,-0.826205691387322,-1.2840506486742,1.63384597258039,-1.50899774213328,-2.31138567933717,0.0455922242713196,-0.395049705658347,-0.368215775405984,-1.14624648504372,2.33106591609121,-1.28293996270399,-0.691049443534098,-0.00914025904377549,-1.29418596859353,0.0638582741234929,-1.06063276791699,1.61038795532735,2.29590410506837,-0.485644870830313,1.67916086681654,1.61892454277395,2.58664698377558,-1.95488650909713,0.206946533285489,-0.516979267419049,-0.160437718080186,-1.1087041597177,0.362964536324124,-1.95810429794487,-0.00133516969625819,-1.42966482959403,0.0469349672376521,-0.165035152261585,0.593923709169432,-0.41771413105214,-0.928414334482431,0.319057059579564
0.228110386301616,0.109361243938756,-0.699808343763868,-0.296010364885937,0.0394761578384623,-0.677818945941943,1.94591206173207,0.0593878353563456,-3.38470855509945,0.0905947953180009,0.0947576206150207,0.985087045314798,-0.281573133711447,-0.0714185670468883,1.17863911968412,1.49867422643512,0.268804321799579,0.621614570840799,0.387519189234027,-0.779005387297868,-0.427208920191538,0.0634712624073221,-0.567739760605655,1.86335604570873,0.111694404130705,-3.44140108673553,0.297281444348849,0.924999975227028,-0.887034973046445,-0.421479898185468,2.69163410904861,-0.804437640400076,-3.22301096213181,-0.551550812963802,-0.567282172139186,0.809219324497026,-1.9721577334579,-0.248690924585412,3.40376210011812,-0.095897630812051,-0.810830252901658,1.71923606632172,0.153808523687693,-3.66245264251364,-0.0127145298618663,2.88875959345464,-0.534576237099008,-2.76917739244352,-0.293056816653316,2.09379016117376,2.4843251982471,2.09029947187807,-3.40765121476378,0.340282476855886,-3.38796959428292
-0.916826379846055,-1.4827977946051,-0.600000072226699,3.01640147296913,-1.41151039213368,-0.896603247036448,0.167295422001973,-1.11895633631566,0.286493725588577,-3.42308922985681,-0.730129541632804,-0.624488710429599,0.280868646344195,-0.932512657669603,-0.871203821269404,-0.844681483201639,-0.933434475123987,-1.07165912501028,-0.826205691387322,-1.2840506486742,1.63384597258039,-1.50899774213328,-2.31138567933717,0.0455922242713196,-0.395049705658347,-0.368215775405984,-1.14624648504372,2.33106591609121,-1.28293996270399,-0.691049443534098,-0.00914025904377549,-1.29418596859353,0.0638582741234929,-1.06063276791699,1.61038795532735,2.29590410506837,-0.485644870830313,1.67916086681654,1.61892454277395,2.58664698377558,-1.95488650909713,0.206946533285489,-0.516979267419049,-0.160437718080186,-1.1087041597177,0.362964536324124,-1.95810429794487,-0.00133516969625819,-1.42966482959403,0.0469349672376521,-0.165035152261585,0.593923709169432,-0.41771413105214,-0.928414334482431,0.319057059579564
0.844659463344212,-0.0516363934026605,-1.6792679198381,-0.571140310695265,-0.155475812238562,-2.5062917059131,1.97999367371091,0.202439234765128,2.05331156161151,-0.529564785790045,0.868489649085439,1.2715579647215,-0.930114767452719,0.982383663756139,1.40523302901024,-1.34541561978121,0.896232894568196,-1.05332212781135,0.954309108677385,-1.50440488800222,-0.3014727282562,-0.215947533061421,-2.28796042645691,1.89002179736585,0.160273871235055,2.21155172723143,-0.304983115483916,0.71754345334854,-1.46811996016333,-0.694516005531846,1.29299725031878,-1.45555413780347,-0.432023355398253,-2.04027627857006,-0.342521571164232,1.58150468667986,-1.50590120324026,-0.283808558781272,-2.18601155488272,-0.60006677515608,-2.25623519696344,2.14551038566664,0.207242581572874,2.15135179715734,-0.358991704945925,1.83667101154383,-2.05759821217272,1.13434360655715,-2.940909553371,1.97815163657655,-0.0488825650770156,2.12898057347623,2.20555453488239,0.0139183365869981,1.99904707313806
-0.439008619242673,-0.307813561933148,-0.486966122664183,-0.541547264876403,-0.322969316264451,3.01975058831852,0.172751691771886,0.280470315727635,0.964293143723988,-0.826701016034431,-0.597413295632428,-0.305004510043127,0.103337829796576,-0.586943752772845,0.865483663557099,1.19747530332823,-0.349384486408154,0.419733250194498,-0.331716258334831,-0.538433067144738,-0.578674490535404,-0.31163995093282,2.06848739357696,0.0460558113361085,0.484765282951091,0.791290333491463,-0.342010835494291,-0.401591909133894,-0.534797079081493,-2.4912939277149,0.284474713526134,-0.325140785779608,-1.15102356185936,-0.489785892849176,-0.670121535367939,-2.11732316226994,0.212878881209823,-0.296524494827426,-1.2063843530368,-0.602937241583028,2.15923786646535,0.0856259129991408,0.363308256318912,0.804513624713879,-0.284785559246181,0.838183137338721,2.59627189155966,-0.616167232879867,2.94439676628685,0.063070771925845,1.06183879280824,0.295535587715251,1.27921124894557,0.346496043921677,0.837664925345108
-0.212942264861286,0.137833195471582,-0.341750565252373,1.10263131771399,0.16875075513621,0.842544984089285,-1.37240292251093,-0.126276306264366,1.695567311731,0.664338685247502,-0.257377791348639,0.126536268480921,-0.603958538471034,-0.230258273200004,-1.00243300268474,1.35684813769617,-0.0744417867694207,-2.32492696290456,-0.241159122798795,-0.278824710031049,0.959025426328524,0.00106432247823973,1.12817396758412,-1.51623282525781,-0.00779460082586819,1.84068301253771,0.0409262170173107,0.446546268722045,-0.227341109306387,-0.935506774374367,-0.570768250998602,-0.481864462682035,-0.510591830764435,-0.218563355948382,0.989773924482811,0.174630732790572,0.588259156919684,1.21612407314171,-1.50773577266245,1.06133562651067,1.14778903275465,-1.52123610693781,-0.376005251903107,1.88546590436492,0.161868693102547,-2.1145390786249,1.00590037913347,1.18248149037163,1.18410913543178,-1.40116576299128,-3.00747230024128,-1.40082012098905,1.84661093369277,-0.2080535857465,1.81396833740793
-0.551737836776368,0.688286769830153,-1.93239725119061,-1.25813094929857,0.567539439472713,0.391242343786831,0.555943300092579,0.456943393315918,0.936849970996847,1.09255974835835,-0.774785315612765,1.44318193094019,0.837594262542377,-0.931060883618935,-0.610778762933715,-0.379160809012496,-0.950486532585772,-0.46913635843604,-0.616867340873409,-1.8048713115712,-1.62944695682225,0.519487640157498,0.116837516495741,0.15269430331623,0.250795107001026,0.629082745450951,1.04974494232017,1.17730827275555,-1.9975624300162,-1.19085400890798,1.4361346302415,-2.25981545537506,-1.23145928679362,-2.20350408811277,-1.58947725868154,-1.22329840577222,-0.711351516676723,-1.99510006390216,-2.11604804483164,-1.3775825535773,0.00528797269219354,0.198576344793203,0.694489960743406,0.981962142567512,0.854523381634701,0.629450470269305,0.0253160298139607,0.721637101662791,0.684775678816675,0.153373114597718,0.37284476418754,0.49498548142048,0.853989839051697,0.542949898337844,1.02925142033091
-2.74378096730286,-0.0150726528216036,-1.37402070339699,-0.722664184554706,0.0830973419421269,0.389681373824856,-2.20005090098498,0.0960352037908672,0.222027930481856,-0.263923057383238,-2.76639490807492,-1.90324051403038,2.76998385818181,-2.8457848593921,-2.84700531446781,0.92439606565147,-2.91955604729161,-3.02570578899991,-2.62814522188437,-1.17447158104475,-0.452640707525845,0.0556162627087645,0.499596026941506,-2.18657698187561,-0.0398795148143235,0.138554370024538,-0.0781557153842825,0.555259143231606,-1.16854692672191,-1.53282709870292,-0.907738235130186,-1.23139492594967,-2.32716059921796,-1.41592540504746,-0.335174935485322,-1.14916252222407,2.8356751273928,-0.41413495218664,-1.09599576414036,-0.80872769732683,0.580297275678139,-2.3978278811837,0.0872607654075452,0.30893344970037,0.0316247561865906,-2.09727696349995,0.583761459760851,0.156012548183863,0.234428809459717,-2.28493554649787,-1.47530239668812,-2.1590303704516,0.226529194173414,0.0320561592584915,0.209347473672906
-1.67421661094703,0.557163856332323,-0.124701432633505,-1.88962279081196,0.408061971709598,0.611736635442347,0.200661597354889,1.42618094672047,-0.274016912260673,2.52632198906365,-1.62326918680974,-1.22980930300958,0.587731195315342,-1.6383801389727,-1.82134423377333,1.85873898519428,-1.26709480736791,-1.57910951679066,-1.98068637489233,-0.11308597865247,-1.88693161711953,0.625690034300716,1.2648914685579,-0.00459729545638202,1.46965784322335,0.114623174955392,0.934161429149504,-1.08892356053603,0.0314917001802586,0.30960104471053,-0.167529389684931,0.0931622773374941,-0.092073411448785,-0.31594176536574,-1.85667871568308,-1.64578283275395,0.0184380361245029,-1.87860568205997,-0.957065146355453,-2.6657195268631,0.937277485393976,0.087313558479107,1.53156936265251,0.0368571828636252,1.13425409951779,0.190457577748173,1.67206752342506,-0.229285709084962,0.81801257560001,-0.198380567780436,-0.0822170582807349,-0.109933692743115,0.446107523461855,2.43319652160928,-0.564724174034036
0.04159421549626,1.91017918060953,1.44225684643502,0.180207581462805,1.74921380912962,0.541942130243846,-0.975993835625675,1.72424046813622,1.01991596622423,1.37890654384368,0.0566940871071646,-0.204884164959786,-0.68821555299275,0.254679857565502,0.446315206697798,-0.211169403291277,0.280351247623794,-0.273351330230243,0.152217179250118,0.901485087288851,0.589516028798645,0.506037868621059,-0.875152824918635,-0.816687476925316,0.395783492440439,0.621397140604107,2.21123404273618,0.0348709737730204,0.913777174886065,0.813672366460624,-0.988016550555626,0.84272107642869,0.536873678725679,1.24576973336048,0.572610477826013,1.12482162661974,-0.722930695132481,0.6273551078012,-0.281995363756275,-0.148358451775344,-1.0249832071372,-0.656046578067585,0.216658721280266,0.673034768152775,1.7786586760016,-0.0925790250406835,-1.22275266531858,0.370042242512375,0.851048331881208,-0.813758270181178,-1.42260942688606,-1.23647501827717,0.661423204692564,1.4852423391252,1.03772042695707
0.04159421549626,1.91017918060953,1.44225684643502,0.180207581462805,1.74921380912962,0.541942130243846,-0.975993835625675,1.72424046813622,1.01991596622423,1.37890654384368,0.0566940871071646,-0.204884164959786,-0.68821555299275,0.254679857565502,0.446315206697798,-0.211169403291277,0.280351247623794,-0.273351330230243,0.152217179250118,0.901485087288851,0.589516028798645,0.506037868621059,-0.875152824918635,-0.816687476925316,0.395783492440439,0.621397140604107,2.21123404273618,0.0348709737730204,0.913777174886065,0.813672366460624,-0.988016550555626,0.84272107642869,0.536873678725679,1.24576973336048,0.572610477826013,1.12482162661974,-0.722930695132481,0.6273551078012,-0.281995363756275,-0.148358451775344,-1.0249832071372,-0.656046578067585,0.216658721280266,0.673034768152775,1.7786586760016,-0.0925790250406835,-1.22275266531858,0.370042242512375,0.851048331881208,-0.813758270181178,-1.42260942688606,-1.23647501827717,0.661423204692564,1.4852423391252,1.03772042695707
-1.67421661094703,0.557163856332323,-0.124701432633505,-1.88962279081196,0.408061971709598,0.611736635442347,0.200661597354889,1.42618094672047,-0.274016912260673,2.52632198906365,-1.62326918680974,-1.22980930300958,0.587731195315342,-1.6383801389727,-1.82134423377333,1.85873898519428,-1.26709480736791,-1.57910951679066,-1.98068637489233,-0.11308597865247,-1.88693161711953,0.625690034300716,1.2648914685579,-0.00459729545638202,1.46965784322335,0.114623174955392,0.934161429149504,-1.08892356053603,0.0314917001802586,0.30960104471053,-0.167529389684931,0.0931622773374941,-0.092073411448785,-0.31594176536574,-1.85667871568308,-1.64578283275395,0.0184380361245029,-1.87860568205997,-0.957065146355453,-2.6657195268631,0.937277485393976,0.087313558479107,1.53156936265251,0.0368571828636252,1.13425409951779,0.190457577748173,1.67206752342506,-0.229285709084962,0.81801257560001,-0.198380567780436,-0.0822170582807349,-0.109933692743115,0.446107523461855,2.43319652160928,-0.564724174034036
-0.841010528121624,0.71949973699164,-1.12406605997799,-0.365423315180121,0.311868688208742,0.999744649467965,1.35156930447499,0.523125069622605,0.524388056895197,1.55822122063579,-1.05774393897015,0.402229385315228,0.83013803115772,-0.850854055105671,-0.930473559906148,-1.46537858214756,-0.841390995584885,0.102135309150243,-0.845189073183302,-1.08360565901135,-0.770622895086005,0.811175292237688,1.45975808819124,1.02381639707951,0.570365626315839,0.587504389520348,1.13601562657683,0.841111127660259,-0.997150931479747,-1.6985181560686,-1.10403019752305,-1.11354472086205,-1.61662216544674,-1.49008913630786,-0.357282880119736,-0.901601420268653,-2.02403537733,-0.572909127449325,-0.666872185087401,-0.552449587906871,1.3789730667664,1.38465957366693,0.555402229004219,0.568585757416866,0.916270978810752,0.623670014910991,1.33090589878841,0.748120080051969,0.536688295328304,1.31008106217105,2.05750402872911,1.26284428379311,0.501878445794823,0.868755508190654,0.508857036720865
-1.69312975867677,-0.179144950016146,-2.23186205318604,0.456966824830482,-0.107386381442546,-0.127495031390274,0.401240957959647,0.0035619987113632,2.76997720009993,0.505784049859586,-1.61303128301047,-1.23526747549025,2.66830610215826,-1.80273085784596,-1.7176176072667,-1.61658004938351,-1.85546170104504,0.437853810218957,-1.53498788727884,-2.29844334735374,0.52696786124975,-0.229881996055089,-0.20040648753844,0.448566935191898,-0.10940494300175,2.80831048296337,-0.257712708620229,2.01490060490424,-2.25049525340834,-2.41069427792095,-1.64108795831961,-2.29078867110567,2.09727149672361,-2.4173879030868,0.317545004675557,0.397844952673012,-0.111473720386141,0.395483961707108,-2.37546238689226,0.445830123194535,-0.230970710648371,0.344747299270843,-0.0123941900883685,2.84604225846614,-0.207851316136817,0.365416802385412,-0.184538267675465,3.19399988064723,0.203308022075261,0.341258875589577,1.26170004893941,0.46700032170967,2.9678799629739,-0.0857541987568199,2.69282890875852
-0.916826379846055,-1.4827977946051,-0.600000072226699,3.01640147296913,-1.41151039213368,-0.896603247036448,0.167295422001973,-1.11895633631566,0.286493725588577,-3.42308922985681,-0.730129541632804,-0.624488710429599,0.280868646344195,-0.932512657669603,-0.871203821269404,-0.844681483201639,-0.933434475123987,-1.07165912501028,-0.826205691387322,-1.2840506486742,1.63384597258039,-1.50899774213328,-2.31138567933717,0.0455922242713196,-0.395049705658347,-0.368215775405984,-1.14624648504372,2.33106591609121,-1.28293996270399,-0.691049443534098,-0.00914025904377549,-1.29418596859353,0.0638582741234929,-1.06063276791699,1.61038795532735,2.29590410506837,-0.485644870830313,1.67916086681654,1.61892454277395,2.58664698377558,-1.95488650909713,0.206946533285489,-0.516979267419049,-0.160437718080186,-1.1087041597177,0.362964536324124,-1.95810429794487,-0.00133516969625819,-1.42966482959403,0.0469349672376521,-0.165035152261585,0.593923709169432,-0.41771413105214,-0.928414334482431,0.319057059579564
-0.374748524746261,-0.350030188945816,-0.350227413182409,0.96481863404763,-0.0312539731142791,-0.63352111597302,1.13886949431233,0.0863786396389914,0.305009519491978,-0.810437295792903,-0.148113223937105,-0.10980004558799,-0.227338453043743,-0.250104164515156,-0.307016690240156,-1.22587062136014,-0.33230043597725,-1.13683363813407,-0.29307218172311,-0.649920375871051,0.663708077615973,-0.206190410874367,-1.04008616902438,1.09409149403673,-0.0444503225264596,0.18950057511892,-0.397304367288726,1.22886530075605,-0.463924068194875,-0.243385038807274,1.82296805365164,-0.46207532945967,-0.266252984498752,-0.455065635393256,0.648794063909073,1.73244936906369,-0.835922284207959,0.509333302401688,0.0709964458203849,1.13393506332164,-0.791066875494512,1.10543046901381,0.259555703517082,0.320719278818536,-0.222391688197824,1.65584388835417,-0.76295474997438,0.0665830837173679,-0.817698653851848,1.04122352748326,0.878137957208017,1.26790580044477,0.37707939217288,0.0359504505629182,0.23449104064878
-1.31907247026389,0.0882727291006884,-0.953603876869042,0.134649577052955,0.177880671768654,-0.336416499877033,-0.738653261699822,0.29900897760652,-0.145648175941619,1.82684024278544,-1.24941755367743,-0.425856250402273,1.37444045463379,-1.25266702076721,-1.55631318971757,0.854884189508041,-1.16689009697751,-0.172315184422384,-1.39552191596256,-0.730846645956373,0.242132851888821,0.00383755710463814,-0.036237090097329,-0.765379733155074,0.259674738518894,-0.0346483452984607,1.0345141553343,0.765126412873163,-0.71113963534626,-0.885635251596351,0.165564509012499,-0.610341594974079,0.65453712227961,-1.1894424869916,0.194985068433803,0.113847166308887,0.489274051428922,0.0806458049242935,0.527788346967794,-0.320639076782114,-0.107586847530153,-0.714631584625253,0.152505626646015,-0.1536967386488,1.22465027479122,-0.963587901913,0.33469209314283,0.0168555796144156,-0.262053460968467,-0.635809351383046,-0.382145854341777,-0.960681158654293,-0.0945523286830154,1.42396491448479,-0.247313588769487
0.326547730437112,-0.0626173214495357,-0.518889901411178,1.52201123072574,-0.0797506107476473,0.70197110571094,1.94955752908456,0.550263521520231,-1.52071445341513,0.472501435744963,0.237575581704285,0.15752414034935,-0.845707256207052,0.293774704316374,-0.0385850351765145,0.760296626667691,0.395415287600971,-0.203759044173281,0.269647936790941,-0.557324308665295,1.60384511744553,-0.3395421890478,0.699305736445754,1.83227777148,0.835247584779677,-1.57263214465391,-0.0965398110325545,1.69815655689823,-0.887360578290671,-0.0561894282947639,1.8915032243546,-0.290663960944389,-0.199046371402673,-0.533440774218192,0.998617031093019,0.854082378861017,-1.72413578715057,1.5821405570528,1.16947341157889,1.4473224567577,0.516132819293497,1.79722022332233,0.660827157113278,-1.79388199048963,-0.116049613700998,1.48758462564231,1.0164897788882,-1.36579452057578,0.93034015723992,1.81068786284241,0.328468657233294,1.92788683479565,-1.86732188699794,0.513367230921989,-1.63028223971185
0.233616498438795,-0.045082300922996,-0.0670520390126582,-2.01370191040998,-0.0782380070164027,-1.52316035568577,0.207800024468768,0.20963432178025,0.569292601816827,0.230903741354719,0.168223411878906,0.487746068900939,0.473217017817196,0.225977266941524,1.20370943648588,-0.436992914907074,0.0182295547886573,-0.50522641991121,0.105688596615789,-0.110943154142591,-1.94822644347109,0.0194209704167047,-1.74529000607092,0.0668848169605174,0.351593994599556,0.359702306804987,-0.0471235957145769,-1.46918007835916,-0.10913925473171,-0.948434253891373,0.20070702959202,-0.0636428557448532,0.40628254849749,-0.138922527833196,-1.81130191264012,-0.372291324550931,0.472366731733569,-2.26090761608014,-1.34626922091995,-2.28480583807043,-1.68142430764343,0.207978807432628,0.603412179269197,0.451140180639233,0.00864174036097085,1.56176196180849,-1.61656034663993,0.923125824623401,-1.22316026117592,-0.0600377150351417,-0.470011310711073,0.106727712319182,0.317374522608875,0.0601288500873008,0.513267687243716
1.8843721795715,0.115164453592378,-0.0435225073907042,0.311248172531316,0.221653710088749,0.319020218103466,1.87051724751071,0.351958419974508,-0.646153428061669,3.79201903604018,1.84442369951118,1.58179770988343,-1.98081456043209,1.73906248993923,1.26754220507429,-0.702756923533191,1.83749296698634,1.8903530771677,1.42915518150991,0.110100528549665,0.28766933016104,0.356363147901855,0.501023939378335,1.74226621418917,0.458719909459775,-0.576760587651173,1.03242053093775,0.226810363712017,0.0690619211021135,0.148303007133844,1.59703717819425,0.0887884778230024,-0.100611302546943,0.0619109316295908,0.113871071934152,-0.316529517322228,-1.40273856337973,-0.0588270104643087,1.06854191840725,-0.643751799974471,0.458411263702779,1.6414992015237,0.21179438712253,-0.459540455583441,0.819076286824379,0.965879656283261,0.357459881350284,-0.181067740959081,0.428131473302549,1.63310229735165,2.19366299617911,1.20569732363845,-0.579260687321859,0.605760096725146,-0.253197850698341
0.253530740708962,-0.308804961914408,-0.607820028899434,0.824316290949494,-0.290686297538282,-0.242338297174072,2.56332435262021,-0.224975319108809,1.43552277726026,-0.375095610815053,0.259746571375064,0.0431616285034449,-0.689004915089006,0.121702545433408,0.0936498381783879,-2.38539634647093,0.340867919012642,-0.962268171877652,0.167566690305042,-0.433018878777931,0.638143707333346,-0.164455311755038,-0.217216402373303,2.32483526160121,-0.116661665364917,1.23350193753341,-0.313944857666557,0.0458947123542355,-0.495712078681941,-1.83984731925633,-1.47755679806174,-0.518617292388389,-1.16073890861332,-0.595620981820645,0.75615668062167,0.590142355963553,-2.2072506382311,0.695468097878161,-1.16883080810962,0.698788306780873,-0.140036848259337,2.38892016194073,-0.35641456973272,1.40650625277577,-0.288803834202837,2.53970357663172,-0.362882988008389,1.4582849669927,-0.102371777626764,2.46225186387872,0.869716491299548,2.51431634396713,1.4341296795789,-0.304102043180465,1.48428538346996
0.0377442687479246,0.121043191499009,0.335170671069437,-1.81453486687414,0.112712307536067,-0.181019650739769,2.27860663253897,1.22942751223957,-2.49729329379892,0.241450131726608,0.00895565241981533,0.0989247668031517,-1.38239327097443,0.06769057560132,0.0961114261542413,2.88983238799388,0.184228586490283,-2.48814360408594,0.07397175645575,0.457791873873745,-1.38727303304183,0.298018621939012,0.0259317236702974,2.21474759968705,1.07409923962292,-2.5075390867122,0.325728713691807,-1.7691101952571,0.502185783123686,0.141141030702694,1.70908723854038,0.818318220474087,-3.54556279493259,0.277158801546056,-1.33682587348667,-1.17509796674384,-2.8431421114127,-1.11237222810929,0.974292354628887,-2.04137457423204,-0.110570698517904,2.31590482790556,1.72228959847831,-2.42445681236134,0.245702581354748,2.42250066071616,0.70750327641245,-2.61572911514308,-0.145941249828622,2.16723786684824,-1.28292115105513,2.29673894449799,-2.19063861857164,1.29180642636903,-2.70978298909369
1.36255252594137,6.81082408423431,-1.53363921516292,-0.462072463255723,5.55746135619719,-0.610003750655227,1.29748260971778,3.33677799644949,-1.05742622037712,1.39266748557446,0.641155924373793,1.5753518420081,-1.15924643641626,0.975375189515908,1.34811765929835,1.56646264631033,1.05081550835013,2.48742155023986,1.62656001149688,0.544510726236946,-2.31184566338193,3.71173553291932,1.43947586398377,0.668391430207518,2.96147998861663,0.70884036199584,6.81823824591912,1.0265357566619,0.368405076287654,-0.911468114533128,2.02466020609803,0.364507390327551,-0.19350935600765,-1.28466648369762,-1.1089472982052,0.119210354778705,-0.111113891901807,-0.574044864400331,1.0989222243722,-0.143778824847883,0.919189346299236,0.40531338371044,1.73836607007786,0.28560547792111,5.22366895627581,1.26529896962793,0.319965101374357,-0.833480653027911,-0.230871183757053,0.640988277304331,2.33268837728098,1.40240898275258,0.196238870705431,3.84771938889212,-0.819111461424509
-0.132530097045188,-0.00760268861368912,-0.0693925543079743,3.8861064060835,0.0119710326705463,2.07720520636814,0.45267057408005,0.0792204645276132,1.41976090019677,-0.257444767110908,-0.101748150391312,-0.0562559792435626,-2.74115302451706,-0.130858151481824,-1.49636261618927,-0.315974722580092,-0.138753116914499,-1.97683569588355,-0.162635478799083,-0.050446780630811,3.45234576559548,-0.0317148111238822,1.97145682146405,0.487821643533203,-0.0569617928883862,1.54153466969336,-0.110392938894076,2.01013423437533,-0.00085763372527603,0.490414355365777,0.72354897708253,0.0316698150741302,0.890027320234797,-0.0973794340595684,3.47783086015634,1.15187676992435,-1.78969795636564,3.88106914574632,0.460199947041318,3.85622687143946,2.04812525779047,0.489137317807654,0.00395175062214648,1.59823754214289,-0.0433485434618183,-0.956861062118541,1.9401783496444,0.423679794045912,2.15653052612932,0.510238573911282,-1.36755015417601,0.394388809299456,1.6569923835054,0.0354515950652435,1.40166749833469
1.73196931443615,-0.0485067372488002,-0.899028593958747,-0.912925626674275,-0.0545775930711452,-1.05393112008134,1.9834118118898,-0.685331696413564,-1.12239604742889,-0.0558886355070903,1.61668858639836,1.54125527930821,-1.39408841206747,1.71708216400373,1.89254865711311,-0.283300434157693,1.74981057782015,1.25998373128563,1.82563303696863,-0.861747717805554,-0.748074426597928,-0.278537689692548,-1.17351935558547,1.89103783138923,-0.79645425987818,-1.14015962509655,-0.043110989568048,0.10321754776158,-0.758217338708318,-1.63884606719096,1.77037817957291,-0.933048256523544,-1.41667027427919,-0.987564507259648,-0.588636003714433,-0.127532691939064,-1.3540496061698,-0.409082349172424,0.30254330916532,-0.864504799858284,-0.921307287935641,1.98328692522162,-1.00210145205465,-1.04364384257142,-0.0107551665326288,1.9456794612027,-0.973465549737164,-1.04245346650915,-1.05923947841021,2.07851231762882,1.50298739951772,2.07144340912322,-0.76259549476243,-0.70872883317994,-1.24531611603811
0.534754657755362,0.0811562077855017,-1.34419799310308,1.13396513093396,0.0867070608857291,1.71254638916308,2.69996602601094,0.121232362973031,1.97300735530648,0.762476536724486,0.312634137263689,1.50843113593258,-0.0618560517008053,0.490335518592363,-0.238650284762341,-0.100044744352322,0.556919560744066,-1.265223709797,0.48972836088702,-1.61122322213167,0.68025936539901,0.240068844688755,1.31495259625093,2.40935761479181,0.125591143378251,1.84557370081129,0.499588599397359,1.36218636741825,-1.40526837510301,0.827695181083457,3.20224300735981,-1.42915538193302,1.84211867275048,-1.36810893934139,0.91898685979316,-0.348593215276718,0.215341272904414,1.32132851262683,-0.520996381477251,1.00028794432063,1.46651806961721,2.65824247432014,-0.00304055610259357,2.10952165548693,0.612868307673374,0.666767934793196,1.71112557457191,-0.35539521622037,1.37288105487969,2.7216326960062,0.187707322301239,2.65620670327599,2.32043079313517,0.621144156588913,1.96192811861279
0.0819015517024229,0.119347838868333,0.0513048878590849,0.807258608272659,0.0730978690424217,-0.160185488721948,0.969823769344797,0.15803353100649,2.3340532002957,0.166381243331934,-0.0525403932377624,-0.0119768543861878,0.719236588530207,-0.00929322115778453,0.141110023194146,0.858675965299749,0.0859393575863965,1.87726329435969,0.0460407995583854,0.0576197049916688,0.679193982147706,0.0726420911478339,-0.208469039351258,0.764169293861831,0.0678967229286007,2.36554112706534,0.00110143151204323,0.525300119406068,0.0921698821535756,0.0746447200230762,0.36840299087992,0.221399387074987,2.14996055316318,-0.100371133153036,0.647274082603704,1.0381627953821,-0.695816152054258,0.938518889539875,-1.84619875812678,0.915726165646956,-0.25751570659129,0.865463554985842,-0.0608861289178052,2.45476641238624,-0.0169903662884144,0.952435289878448,-0.0617075966032533,2.77039614548345,-0.211050654647387,0.899870322900043,0.698102826361094,0.797329332962184,2.73266386363992,0.195922144188134,2.27915374340006
-0.348978681248759,0.391593459905742,-0.243224277307191,3.1629947440238,0.175812400373942,-0.412677583304678,0.306924414641836,0.289255348818872,0.727680649841186,-0.463899400470447,-0.54242830517403,0.317471981150383,2.53399821589468,-0.475927944862513,0.255239979616978,2.19953285404973,-0.375426373113527,1.80861883181809,-0.185432641428091,-0.199305619752508,2.45378777893112,0.284487235689842,-0.27662666997343,0.0955655859732432,0.257482651939221,0.641093960885115,0.228013717678935,1.67450584005199,-0.300606579809624,-0.0276993518361291,0.291683482861447,-0.319108309967291,1.18675018938408,-0.103609514858628,2.41042539552203,2.87062170872002,-0.490302788309663,2.8793653467285,-0.393582470044,3.67648562520029,-0.435054266912564,0.171680167161941,0.300428889389584,0.571218606201907,-0.0596610332435848,0.985167181552084,-0.171758356754092,1.12626895762229,-0.126705567569361,0.080683612760144,0.135394088916475,0.377350135961569,0.803446430630913,0.374677356512077,1.02616417761748
1.35776880185499,0.100594833601502,0.228746695751791,-0.0883100851433183,0.0193949223240048,0.723858818388431,0.172353675141337,0.252471953183512,-0.0686371241235656,0.655930506805612,1.26678411843311,-1.50846789414074,-1.92999303699749,1.35445794826607,1.12836380927221,1.93712829513446,1.44461638000875,0.763321805795209,1.21789983973505,0.220829079569936,-0.118268313259262,0.220514625761473,0.653036200735894,0.148410631014462,0.137927571395635,-0.179300143107927,0.283478413182759,-0.0769735099684015,0.199892539545287,-0.47003985976328,0.0709536268721818,0.0849178192247244,0.112174985917513,0.103304427640518,-0.122012073282378,-0.588002981114105,-0.178674741173787,-0.163365312855871,-0.16564881785479,-0.22570393696976,0.658443205262527,0.172042106092808,0.353519860313898,-0.169290984322064,0.205141390241943,0.587986841365064,0.70747470138237,-0.328093181977994,0.643251552437895,0.224879296716606,0.535679685528751,0.139648410016449,-0.22370211327779,0.471478790725462,-0.00907293991680239
-0.439008619242673,-0.307813561933148,-0.486966122664183,-0.541547264876403,-0.322969316264451,3.01975058831852,0.172751691771886,0.280470315727635,0.964293143723988,-0.826701016034431,-0.597413295632428,-0.305004510043127,0.103337829796576,-0.586943752772845,0.865483663557099,1.19747530332823,-0.349384486408154,0.419733250194498,-0.331716258334831,-0.538433067144738,-0.578674490535404,-0.31163995093282,2.06848739357696,0.0460558113361085,0.484765282951091,0.791290333491463,-0.342010835494291,-0.401591909133894,-0.534797079081493,-2.4912939277149,0.284474713526134,-0.325140785779608,-1.15102356185936,-0.489785892849176,-0.670121535367939,-2.11732316226994,0.212878881209823,-0.296524494827426,-1.2063843530368,-0.602937241583028,2.15923786646535,0.0856259129991408,0.363308256318912,0.804513624713879,-0.284785559246181,0.838183137338721,2.59627189155966,-0.616167232879867,2.94439676628685,0.063070771925845,1.06183879280824,0.295535587715251,1.27921124894557,0.346496043921677,0.837664925345108
-2.74378096730286,-0.0150726528216036,-1.37402070339699,-0.722664184554706,0.0830973419421269,0.389681373824856,-2.20005090098498,0.0960352037908672,0.222027930481856,-0.263923057383238,-2.76639490807492,-1.90324051403038,2.76998385818181,-2.8457848593921,-2.84700531446781,0.92439606565147,-2.91955604729161,-3.02570578899991,-2.62814522188437,-1.17447158104475,-0.452640707525845,0.0556162627087645,0.499596026941506,-2.18657698187561,-0.0398795148143235,0.138554370024538,-0.0781557153842825,0.555259143231606,-1.16854692672191,-1.53282709870292,-0.907738235130186,-1.23139492594967,-2.32716059921796,-1.41592540504746,-0.335174935485322,-1.14916252222407,2.8356751273928,-0.41413495218664,-1.09599576414036,-0.80872769732683,0.580297275678139,-2.3978278811837,0.0872607654075452,0.30893344970037,0.0316247561865906,-2.09727696349995,0.583761459760851,0.156012548183863,0.234428809459717,-2.28493554649787,-1.47530239668812,-2.1590303704516,0.226529194173414,0.0320561592584915,0.209347473672906
-0.439008619242673,-0.307813561933148,-0.486966122664183,-0.541547264876403,-0.322969316264451,3.01975058831852,0.172751691771886,0.280470315727635,0.964293143723988,-0.826701016034431,-0.597413295632428,-0.305004510043127,0.103337829796576,-0.586943752772845,0.865483663557099,1.19747530332823,-0.349384486408154,0.419733250194498,-0.331716258334831,-0.538433067144738,-0.578674490535404,-0.31163995093282,2.06848739357696,0.0460558113361085,0.484765282951091,0.791290333491463,-0.342010835494291,-0.401591909133894,-0.534797079081493,-2.4912939277149,0.284474713526134,-0.325140785779608,-1.15102356185936,-0.489785892849176,-0.670121535367939,-2.11732316226994,0.212878881209823,-0.296524494827426,-1.2063843530368,-0.602937241583028,2.15923786646535,0.0856259129991408,0.363308256318912,0.804513624713879,-0.284785559246181,0.838183137338721,2.59627189155966,-0.616167232879867,2.94439676628685,0.063070771925845,1.06183879280824,0.295535587715251,1.27921124894557,0.346496043921677,0.837664925345108
-2.35603664649997,0.169304278604522,0.856654619726525,1.4311677037439,0.217239757641377,0.542899108895202,-3.38549065109258,0.872580315680205,0.154237929896309,1.16327698486844,-2.24605394093406,-2.35227410238801,2.11075858403162,-2.26237783360237,-2.81130559385151,0.0461127752723043,-2.36631060594024,-2.19159373720262,-2.37422583717353,0.965155588981899,1.2342957288633,-0.0306804695605215,0.754468167210285,-3.13568441753038,0.644839768204283,0.257998885057385,0.446925839900484,-0.0528575341107837,0.878750154983794,0.811718755806457,-3.34569283677706,0.920698953295225,0.0664423183305972,0.909098943759654,0.732222051165618,0.836138955920355,2.00838315945495,0.497138587115125,0.692349509143299,1.24353351258794,0.654589239624152,-3.0022853020156,0.827684097442252,0.0930414244010652,0.0851280161285303,-3.69227381040167,0.989593441398042,0.133617605357613,0.669198410096748,-3.09771435934913,-3.1592534589416,-3.29865927807659,0.279817322732024,0.750895532827456,0.137040875237013
0.04159421549626,1.91017918060953,1.44225684643502,0.180207581462805,1.74921380912962,0.541942130243846,-0.975993835625675,1.72424046813622,1.01991596622423,1.37890654384368,0.0566940871071646,-0.204884164959786,-0.68821555299275,0.254679857565502,0.446315206697798,-0.211169403291277,0.280351247623794,-0.273351330230243,0.152217179250118,0.901485087288851,0.589516028798645,0.506037868621059,-0.875152824918635,-0.816687476925316,0.395783492440439,0.621397140604107,2.21123404273618,0.0348709737730204,0.913777174886065,0.813672366460624,-0.988016550555626,0.84272107642869,0.536873678725679,1.24576973336048,0.572610477826013,1.12482162661974,-0.722930695132481,0.6273551078012,-0.281995363756275,-0.148358451775344,-1.0249832071372,-0.656046578067585,0.216658721280266,0.673034768152775,1.7786586760016,-0.0925790250406835,-1.22275266531858,0.370042242512375,0.851048331881208,-0.813758270181178,-1.42260942688606,-1.23647501827717,0.661423204692564,1.4852423391252,1.03772042695707
-0.782085616841872,-0.105870078768061,-0.80101509945036,-0.091493567964535,-0.189720210564639,1.46892768036153,-1.65296807941415,-0.0670067257107583,0.312984595009557,-0.346399012815503,-0.867322138082617,-0.39423253177122,0.842397141775932,-0.898635066729295,-0.876645662748642,0.926388704460585,-0.853571050563237,0.209835393200189,-0.74044244868776,-0.749859076573477,-0.131945253161867,0.0207068185437798,1.45224269049791,-1.76308960472653,-0.0494083099940729,0.149633676938487,-0.112620154478442,0.611475570014334,-0.707839819270876,0.489252731968244,-0.913056493415189,-0.739508621375325,0.962056922594566,-0.716605815728001,-0.120048244612002,-1.16139671589218,1.91766006835965,-0.0260695193825197,-0.189970739955591,0.0475596888386258,1.32616869116153,-1.89956507286679,-0.273720889051227,0.214223571855918,-0.348678975294092,-1.08229435881252,1.5093584084753,-0.186344778638653,1.52815535084992,-1.8756825981394,0.939866301984146,-1.69140180373488,0.212125638390829,-0.0574012369629193,0.507107142374038
0.151043802339081,1.02639302749248,0.0362533978204191,-0.584579818117464,-0.554849856403758,1.6279409847067,1.18285899456697,-0.368904401562188,-0.576230727275127,-1.99501249177998,-0.0564836252169576,0.453891759181858,-0.270888923855462,-0.125887949336397,0.690614941688385,1.59803182430126,0.0161047534493095,-0.363728744210427,-0.0413932793696041,-0.432555040029412,-1.81178201678033,0.480162673473244,0.846890272566647,0.343011059385235,0.367106687676857,-0.981183042771891,-0.152106091502114,0.613006864768093,-0.023619728591253,1.87326671934971,1.08282527479616,0.275880160972909,-0.129182613053544,0.0744858531552628,-0.428272454622395,-0.527281284356276,-0.682431254357639,-0.361008924856602,0.780327244714599,-0.203245543697906,1.1747270330301,1.08335874093002,-0.711679034187713,-0.451658785021744,-1.04068897008566,-0.0436890058510053,1.23113021306142,0.46524571442913,1.05677572436609,1.26342799990251,1.126887044793,1.20038971296247,-0.268711788573526,-0.685137125269086,-0.450138937324408
1.35776880185499,0.100594833601502,0.228746695751791,-0.0883100851433183,0.0193949223240048,0.723858818388431,0.172353675141337,0.252471953183512,-0.0686371241235656,0.655930506805612,1.26678411843311,-1.50846789414074,-1.92999303699749,1.35445794826607,1.12836380927221,1.93712829513446,1.44461638000875,0.763321805795209,1.21789983973505,0.220829079569936,-0.118268313259262,0.220514625761473,0.653036200735894,0.148410631014462,0.137927571395635,-0.179300143107927,0.283478413182759,-0.0769735099684015,0.199892539545287,-0.47003985976328,0.0709536268721818,0.0849178192247244,0.112174985917513,0.103304427640518,-0.122012073282378,-0.588002981114105,-0.178674741173787,-0.163365312855871,-0.16564881785479,-0.22570393696976,0.658443205262527,0.172042106092808,0.353519860313898,-0.169290984322064,0.205141390241943,0.587986841365064,0.70747470138237,-0.328093181977994,0.643251552437895,0.224879296716606,0.535679685528751,0.139648410016449,-0.22370211327779,0.471478790725462,-0.00907293991680239
0.0377442687479246,0.121043191499009,0.335170671069437,-1.81453486687414,0.112712307536067,-0.181019650739769,2.27860663253897,1.22942751223957,-2.49729329379892,0.241450131726608,0.00895565241981533,0.0989247668031517,-1.38239327097443,0.06769057560132,0.0961114261542413,2.88983238799388,0.184228586490283,-2.48814360408594,0.07397175645575,0.457791873873745,-1.38727303304183,0.298018621939012,0.0259317236702974,2.21474759968705,1.07409923962292,-2.5075390867122,0.325728713691807,-1.7691101952571,0.502185783123686,0.141141030702694,1.70908723854038,0.818318220474087,-3.54556279493259,0.277158801546056,-1.33682587348667,-1.17509796674384,-2.8431421114127,-1.11237222810929,0.974292354628887,-2.04137457423204,-0.110570698517904,2.31590482790556,1.72228959847831,-2.42445681236134,0.245702581354748,2.42250066071616,0.70750327641245,-2.61572911514308,-0.145941249828622,2.16723786684824,-1.28292115105513,2.29673894449799,-2.19063861857164,1.29180642636903,-2.70978298909369
-2.74378096730286,-0.0150726528216036,-1.37402070339699,-0.722664184554706,0.0830973419421269,0.389681373824856,-2.20005090098498,0.0960352037908672,0.222027930481856,-0.263923057383238,-2.76639490807492,-1.90324051403038,2.76998385818181,-2.8457848593921,-2.84700531446781,0.92439606565147,-2.91955604729161,-3.02570578899991,-2.62814522188437,-1.17447158104475,-0.452640707525845,0.0556162627087645,0.499596026941506,-2.18657698187561,-0.0398795148143235,0.138554370024538,-0.0781557153842825,0.555259143231606,-1.16854692672191,-1.53282709870292,-0.907738235130186,-1.23139492594967,-2.32716059921796,-1.41592540504746,-0.335174935485322,-1.14916252222407,2.8356751273928,-0.41413495218664,-1.09599576414036,-0.80872769732683,0.580297275678139,-2.3978278811837,0.0872607654075452,0.30893344970037,0.0316247561865906,-2.09727696349995,0.583761459760851,0.156012548183863,0.234428809459717,-2.28493554649787,-1.47530239668812,-2.1590303704516,0.226529194173414,0.0320561592584915,0.209347473672906
-1.43955535026451,0.0341776344131422,-0.143764791250077,-3.56354760035998,0.22756584435854,0.0927153718614915,-0.287108129885607,3.11414316545961,1.12090734917209,0.118507285830366,-1.41829166524212,-1.66128955926095,0.851090429114941,-1.49532607715917,-1.59279492560501,1.91719244695402,-1.5274740733684,-2.69642980314541,-1.29565183203456,-0.124503604770666,-2.81154041954662,0.248748319546513,0.113980147515636,-0.280521531700726,4.10270275087802,1.15316229951098,-0.0965996487520972,-2.21395530555598,-0.0945949976402232,-0.202394884483878,0.00431681039163823,1.03215633831118,0.925554428564327,-0.0512295489085178,-2.99620339730314,-2.84596003578353,2.06597896523954,-1.87615956836203,-2.49013087084348,-3.21555544758241,0.285466801692818,-0.508995092573382,3.9424483817537,0.944498331182865,0.0694894525241184,-0.185270884788026,2.15640198516774,1.00503172038758,0.415384585940868,-1.67797530763675,-2.12609008774516,-0.273137522937872,1.08168812502841,2.62255174275411,1.24615184062692
1.34770347919253,0.0230720480845992,0.805899528555028,1.22152129638806,0.0075435066619296,-0.0623151696580281,1.31706920907891,-0.016771675375551,-0.0703366192545635,0.0179389904816727,1.34338697062475,0.952449494095927,-1.20358575411023,1.31938775528568,1.49846457648506,0.919805342318257,1.44044324832941,1.4530761941082,1.32799621474166,0.655147318585951,0.996354011316376,-0.0591206985369579,-0.122652235348392,1.29710099459808,0.0476984592775123,-0.180954971741364,0.0456533968611667,0.0329551153377711,0.691906853429123,0.987556972339822,0.743710783467527,0.673928449595237,0.55267159242521,0.769877732722161,0.8446440291344,1.31769851434701,-1.2246112582814,1.15991241891488,1.10292450647212,1.13436711123779,-0.17420796329305,1.23743324454708,-0.0791878042068734,-0.281870527320059,0.0203702680313501,1.40183765567376,-0.0628430019123836,0.159094485132424,-0.0761858956029625,1.23783049248142,1.28294177073145,1.25675650019457,-0.0464205821146649,0.00675600536904275,-0.0955077023513747
0.00856045508227665,0.810375624327148,-0.0865876068554777,-0.152344116107428,1.50885573164521,-0.894204348398884,0.689717082323553,0.818707392164826,1.70350989304162,0.65849693979871,0.00125070699938901,0.0747542548412228,0.109668454152186,-0.126890467005598,0.612150151216455,-0.757058266099836,-0.0424234573692013,-1.54853549669428,-0.00624064310425854,0.269612562667639,-0.0924881354058631,1.37900049521364,-0.427205614521596,0.591702808215122,0.700016361022496,1.65187920027333,0.982062219430696,0.0125488803160703,0.337034322008509,-0.215943579991739,0.892829923377811,0.141740954979374,1.92568218924636,0.0131945739023396,-0.564256102022218,0.730222571621311,-0.620882627290584,-0.547215102903967,-1.6671571849697,-0.122466350603856,-0.350936430053396,0.530608551726622,0.56674493395341,1.30099586713866,1.46946640225266,1.54283165838199,-0.45734625010518,1.68006180174441,-0.623611331843373,0.682021621621655,-0.973326380162386,0.551019378860054,1.2006796199477,0.800952731798401,1.82802764923099
-0.248052831014185,0.0581105579252555,-0.507024271900459,-1.52473005610205,0.195712937854324,-0.397556155089029,1.60383619505274,0.0905052537668941,0.403216809283912,-0.112688687466071,-0.363338868945269,0.387236718958588,0.529835241193965,-0.338522339093011,0.000892806167062443,-1.25346785185867,-0.340274488451285,-0.480547800716074,-0.267660305637514,-0.621426261302309,-1.59124613455753,0.320104562567272,-0.478929320228741,1.45641283777888,0.0527190446696646,0.424943543656403,0.0129750441166069,-0.115213513764184,-0.428760370366513,-0.60126005846568,2.27007357215469,-0.542458920230182,-0.126951009208381,-0.499671384733413,-1.46836534775179,-0.533466251704533,-0.750018625035376,-1.62187207442233,-1.33942345286914,-1.43770159594457,-0.371798919771852,1.45672002488966,0.142764457186222,0.373223247325626,0.0610049352690014,1.77264830270178,-0.471622552158719,0.293981549451389,-0.42304538618689,1.55155188297026,1.35743007277014,1.65606469395444,0.44235268693695,0.0266860871067783,0.403842110654488
0.164252683516077,-0.021391361134119,0.242912256347279,-0.165502351955062,0.0817688296352692,-0.220875584584895,1.23541763348587,-0.0388224365403665,2.58370754809036,0.325366993168526,0.20376691835904,0.538135953204692,0.341734538067509,0.0899255921869935,0.00153638680998602,1.11930142542157,0.0949209935086259,1.7620739727035,0.270931055265075,0.325224371779209,0.0766304221712305,-0.297159169045787,-0.310381763367911,1.44874860916774,-0.166515116155709,2.8715917231634,0.156967558321223,-0.649391377800568,0.410926689870689,-0.234586688546555,0.465963084565484,0.192072927225632,0.32566360434595,0.255951781719873,-0.0167073267364342,-0.14583664923814,-0.872777249455843,-0.350132743884484,-2.78909903886589,-0.0948205479095714,0.0706402349729196,1.36220336730283,0.0521894995170108,2.85631264133465,0.296492755138379,-0.085980046474213,-0.344299488477758,-0.320013348621371,-0.656601317501495,1.22673238345537,-0.60257242328862,1.23097450718523,2.68528535887422,0.00639728535391437,2.61251594117028
-0.442139827668044,0.317320589120309,0.322097541929617,-0.934554771504769,0.44754576467626,0.171571828012581,-1.07500734709735,0.206554228478888,-1.5586176556831,1.3701511591344,-0.48229973606313,0.379099388185927,-0.0824135516776849,-0.467517364982865,-0.255586822070848,-0.268872937972233,-0.454749818780841,-0.74475896222155,-0.530943578685205,0.273031412409428,-1.10059375163618,0.23612801998842,0.195233730941114,-1.11166361222016,-0.00479337811049391,-1.58842402778619,0.573442956848949,-0.189227774681904,0.234646966360225,0.109715645555563,0.4158327475053,0.104108696540298,0.798400913905262,0.11457677275637,-0.977281010407218,-0.565170475106063,0.461275461492138,-1.23304986916919,0.92270794594371,-1.28752263111301,0.263997219678584,-1.13196281384771,0.296113216566031,-1.56698829794002,0.647484253200487,-0.75589772383382,0.0848967760770785,-1.23822851171785,0.266851516789422,-1.14631654539213,-0.474499155396306,-1.19662014873048,-1.79738994216044,0.470097551041041,-1.72951183454922
0.0693173638411145,-0.716280620188583,1.66453444289867,0.484932171224941,-0.679827573219873,-1.14645792677142,0.42209005313676,-0.652322201159214,0.824202001977434,-2.12068090687521,-0.0849870163689666,-1.12159121831919,0.0188980498839715,-0.148211286066889,1.16774727318594,0.17361886884053,0.114807550002794,-0.673178420103026,0.355007617274346,1.17826060883902,0.223770834105877,-0.167846486349242,-1.76920782890777,0.212587195624551,-0.339599536725486,0.521108682731206,-0.793052953869347,-1.32272657805936,1.3684040930474,1.1127708204965,-0.708422640474369,1.20802954358419,0.239918877066364,1.72190447173842,0.254337363989881,1.14473081681898,0.0336775968327008,0.308644034042893,-0.68332255869579,0.812752181149291,-1.61646772579478,0.0585892151498875,-0.323483777553516,0.598744712859117,-0.924616444474762,1.75815657343997,-1.45810891117211,0.576576773802719,-0.749341846442375,0.421631863904276,-0.126850298171497,0.780118057079256,0.560795620901969,-0.582543871446949,0.865029128567241
0.553276989678696,0.0106384844142944,-1.62221633163861,-0.186821458799956,0.0798235686393386,-1.43885715501403,0.684141961969533,0.0974330712567537,-1.48990028005245,-1.55241419581374,0.457584253100716,1.97031604942475,-0.966572937786473,0.351734323209172,0.900441581894093,-0.697454113478378,0.410173663763852,1.12932194117591,0.648099793199332,-1.75384483117285,-0.129499313933196,0.335361517028421,-1.37120898783048,0.676922619128602,0.134509029183339,-1.58255190298712,-0.469129808575363,1.08300395287388,-1.81377493129496,-1.52509693691428,-0.145359271381329,-1.801862752319,-1.35478012916717,-1.8590944576743,-0.220329964116232,0.827887081501054,-1.72262923670821,-0.356915553088826,1.62107320512356,-0.0729278256207117,-1.3529655845312,0.619329182871071,0.16106613247529,-1.42947555769208,-0.451187650245166,0.135678426341357,-1.2642338428453,-1.33016714318377,-1.55778142687678,0.614312086641825,0.281565302438112,0.69436423838784,-1.77899524151589,-0.355471419851611,-1.65980266908047
-0.601966386694217,-0.00137637408640973,1.56486556618819,0.371072319147137,0.0837056071554202,0.833968806988864,-1.6537778111002,-0.140945370234016,0.364208454109095,0.430616786355823,-0.60862077406132,-0.984832117541903,1.22535408836001,-0.761331972079255,-0.864086884074296,0.983061949416327,-0.683968518095871,-1.30018093424298,-0.624533419671755,1.41504316118711,0.172590573536247,0.02635988660504,0.489698690643084,-1.55382622107639,-0.115760950784058,0.309792953871751,0.15258966377051,-1.12377083005589,1.34152101807503,0.396460866075734,-0.786336252284669,1.49109212805576,1.24624955701174,1.72697168609303,0.090898586726003,-1.14235395961745,1.79411087968269,0.0512700804868433,-0.681455293368597,0.463344462992976,0.771855921492531,-1.79338285231778,-0.0447318724202442,0.363171574739919,0.170007951577471,-1.13991398199021,0.592966959957526,0.424841114868718,1.11934509076894,-1.58625831940529,-2.26524169470339,-1.71467606778934,0.350040163850704,-0.0977428228138349,0.490800234684824
-0.727195553421392,-0.573391431469375,0.828007896615883,0.521241135233431,-0.189033897374187,-0.0798300851487055,0.874935033807677,-0.22031826725302,-0.245808179516339,-1.51904767351783,-0.829220216355502,0.610654114933098,-0.02416245240431,-0.77032961017309,-0.889035389201558,-0.419990124412639,-0.832586589006835,-0.09358907062344,-0.667852555655972,1.29141622250463,0.673984841341748,-0.282123740233471,0.413715528547703,1.11437245803507,-0.431426055140165,-0.423761298485232,-1.23596201289868,0.122041851710018,1.12305443940393,0.215477983657129,-0.543401277516945,1.2673993025004,-0.633607297406906,0.908747747642081,0.0362722325756706,-0.543723793625615,-0.291645162068429,0.0370752961908394,0.129928366978244,-0.531432704083449,0.790163500749598,1.18483257555254,-0.0721996645302418,-0.280055997008776,-0.623227651210863,0.541409760829742,0.680060034549112,-1.74885618104321,0.214332731952547,1.28939434365967,-0.594423499345048,0.94977552704476,-0.618699638977779,-0.512004765369201,-0.487387160982431
-1.32582022718551,0.0344672815970153,-3.56578054321884,0.852510570031775,-0.00371915578114113,0.806876612328818,-0.70895262778251,0.0615095862678918,1.15770563906906,-0.0938816813159309,-1.35753582414291,1.71509484301206,0.142477553469344,-1.38792474783512,-1.27722839610361,0.98454976346025,-1.47230941604723,-1.68492083173071,-1.38393942571571,-3.69616408984553,0.621581647185758,0.117483546170004,0.519232814654146,-0.723342817658324,0.0812729720258188,1.15924040148623,0.1389918898982,2.77913909175845,-3.55656367646906,-2.74853637607427,2.42621196788023,-3.75977513165158,-1.03126479347401,-3.75304744827081,0.719165244330147,0.05067588678061,0.148588393517388,0.535989580657062,-0.261256838945743,0.852337002407339,0.671487661323135,-0.742520288588249,0.0196906913249701,1.17919284799313,0.0989067647018813,-0.844389515320818,0.542580862613838,1.66731919672775,0.424324651985365,-0.856800528583075,-1.03448470234615,-0.74922408530992,1.0443028053493,0.0854310154908536,1.22066250057689
-0.889162733124778,-0.0804456555799981,0.176354867241995,-0.435328490729795,-0.0929712594003146,-0.183783608219107,-1.41549497957945,-0.191763491937635,-1.15788282652462,-2.35688533057871,-0.886290640829843,-0.861964294822882,0.366642288211963,-0.897458336174014,-1.28792818345221,-0.956237436211709,-0.976465798906465,-0.79949591086075,-0.926754646373827,0.0906046982327788,-0.416393682350111,-0.0558727660916266,-0.298661068971593,-1.35227673444967,-0.102213137004772,-1.24534791729482,-0.517270645522162,-0.659519652914678,0.0644505308716548,0.0834080321867505,-1.30300099917984,0.0575915059396278,-1.81489273255755,0.0732181145805927,-0.388421658139125,-0.242813173517283,0.85045781936426,-0.514612204665815,0.708323915856569,-0.210214998930041,-0.309507733065619,-1.31865037662362,-0.0862870651663772,-1.18904610625026,-0.61730452746921,-1.82088257200652,-0.405277481369942,-1.31547846559916,-0.501564196578109,-1.39353952223233,-0.509974193916799,-1.34644702266295,-1.28209825686933,-0.648109844156081,-1.14391793757731
-0.985768264110878,-0.630534787785693,-1.74419427726763,1.29560319500664,-0.454100946410036,-2.51015250495239,-1.75031426156711,-0.355530671992467,1.16506986285626,-5.96785365848984,-0.834415631094558,0.327385693305097,1.46507855736756,-0.847922961575658,-0.146823637116691,0.01578673901576,-1.0059676081747,-0.146986537786428,-0.480137387459246,-1.54300181702627,1.46893944557075,-0.472677438391543,-2.4951910924377,-1.66811695825018,-0.504422190477005,0.997262341143467,-1.80158431896092,1.88644927444508,-1.69659377526808,-2.45160242415775,0.128717439759663,-1.86645437388631,0.116713472131748,-1.56646348190484,1.47868640196827,2.57906292651965,2.01776996288119,1.61883072044864,-0.763665192661479,2.65766157003005,-2.02799487244633,-1.61241404623109,0.0454916641918832,1.32510305055304,-1.71092474981521,-0.296883174307778,-1.98336281598943,1.49881710746771,-1.70835336923794,-1.78653934841182,0.408012123700121,-1.11573840774464,1.33770661247397,-1.24418181845394,1.56938846827305
-0.601966386694217,-0.00137637408640973,1.56486556618819,0.371072319147137,0.0837056071554202,0.833968806988864,-1.6537778111002,-0.140945370234016,0.364208454109095,0.430616786355823,-0.60862077406132,-0.984832117541903,1.22535408836001,-0.761331972079255,-0.864086884074296,0.983061949416327,-0.683968518095871,-1.30018093424298,-0.624533419671755,1.41504316118711,0.172590573536247,0.02635988660504,0.489698690643084,-1.55382622107639,-0.115760950784058,0.309792953871751,0.15258966377051,-1.12377083005589,1.34152101807503,0.396460866075734,-0.786336252284669,1.49109212805576,1.24624955701174,1.72697168609303,0.090898586726003,-1.14235395961745,1.79411087968269,0.0512700804868433,-0.681455293368597,0.463344462992976,0.771855921492531,-1.79338285231778,-0.0447318724202442,0.363171574739919,0.170007951577471,-1.13991398199021,0.592966959957526,0.424841114868718,1.11934509076894,-1.58625831940529,-2.26524169470339,-1.71467606778934,0.350040163850704,-0.0977428228138349,0.490800234684824
-0.442139827668044,0.317320589120309,0.322097541929617,-0.934554771504769,0.44754576467626,0.171571828012581,-1.07500734709735,0.206554228478888,-1.5586176556831,1.3701511591344,-0.48229973606313,0.379099388185927,-0.0824135516776849,-0.467517364982865,-0.255586822070848,-0.268872937972233,-0.454749818780841,-0.74475896222155,-0.530943578685205,0.273031412409428,-1.10059375163618,0.23612801998842,0.195233730941114,-1.11166361222016,-0.00479337811049391,-1.58842402778619,0.573442956848949,-0.189227774681904,0.234646966360225,0.109715645555563,0.4158327475053,0.104108696540298,0.798400913905262,0.11457677275637,-0.977281010407218,-0.565170475106063,0.461275461492138,-1.23304986916919,0.92270794594371,-1.28752263111301,0.263997219678584,-1.13196281384771,0.296113216566031,-1.56698829794002,0.647484253200487,-0.75589772383382,0.0848967760770785,-1.23822851171785,0.266851516789422,-1.14631654539213,-0.474499155396306,-1.19662014873048,-1.79738994216044,0.470097551041041,-1.72951183454922
0.279122890386363,-0.174567791226925,-1.33900822749671,1.53497249656448,-0.296422823859466,-0.564584936124277,0.649591323312417,-0.324141199180244,-0.120825969328751,-2.20595765953106,0.234723392354394,1.89475522116235,-0.660340848064311,0.244628128813039,0.887143521271353,-0.124333093617329,0.332132472889371,0.897564834684292,0.384690707579462,-1.28688439656985,1.36091172395027,0.0433973742887863,-0.566234642846478,0.665959138842481,-0.11150429191544,-0.206048187297134,-0.262254113218528,1.6844116204895,-1.51575724688655,-1.11965722702927,2.20857186183926,-1.07805913077428,-0.423140893965653,-1.67827863897606,1.22601328748827,1.82807452681422,-0.599948152960986,1.61816296417816,1.86324206071785,2.1054582939764,-0.673903414608414,0.603271065447396,-0.0459139250667977,-0.301460173339583,-0.432975842139414,1.44370501061507,-0.541739165208821,0.0701356026611806,-0.677042755164596,0.829060751123816,1.53976039650619,0.769710335539969,-0.194246650165756,-0.279522011340078,-0.284964127456451
-0.364406523220752,-0.00835650457577225,2.05826321193617,0.685401294393614,0.162936180837867,0.621664820659168,-1.24563589619278,0.135571270470298,0.439498799907356,-0.816293508169498,-0.312932056408824,-2.71426799987263,-0.0944552691002368,-0.253981101443005,-1.00882691158219,0.778990193121867,-0.273193425528383,-1.1691616558877,-0.240564955478909,2.21260195042355,0.409157823833597,0.097924330423576,0.702935544675952,-1.1663944134871,0.108172691265001,0.578056765211964,-0.409377670887577,-1.93459437781152,2.35938946993283,1.74691018730742,-2.60899849886767,2.45517891425905,2.27263872846898,2.06145050984551,0.623085826081934,0.0894180777046718,1.38016171964404,0.738774141048686,0.206738975237217,0.656264587888917,0.83556085335606,-1.17855779836414,-0.139880859895686,0.520354964815828,-0.21399407818715,-2.08429134301411,0.727163982235251,0.565680692177647,0.532709025097918,-1.21786183334128,-2.22745223683882,-1.15980598030846,0.52814266896294,-0.24226005358166,0.405614215380549
-0.0872677576057247,-0.0679226312604966,0.996886436083153,0.860607515671179,-0.130868642396463,-0.154218420880636,0.247198819848832,-0.0176315860220482,-0.213838778055728,-3.28714061586136,-0.0768563140525833,-0.169857338638886,0.153308436618997,-0.077009564581483,0.0988341178204617,-0.149917905120032,-0.0260375949656133,0.167349530121877,0.135448457111125,0.826591779645433,0.570733924826184,-0.293882921291956,-0.192686727356849,0.25029387468304,-0.0529137937682292,-0.230012191298991,-0.9144038491015,-0.0423443700121349,0.729345735778819,1.46977746353354,0.310101396973654,0.989278103211641,1.99748514725687,0.870741206457237,0.349220602902865,1.21493462162556,0.0163141823739859,0.819880254839069,1.2102581373766,1.39850266190685,-0.307969740429652,0.253862516482924,-0.31748322827841,-0.32836423825111,-0.777604149776648,0.520163059636762,-0.0596140235133377,0.0259666058424368,-0.446718507236815,0.324811480283481,0.643717594151085,0.449896892983126,-0.161134034218299,-0.642776649762932,-0.410246024573213
0.0603449319041431,-0.665032134027111,-1.16508528551602,0.633064405316648,-0.45890938048109,-0.230359621815201,0.886046627863197,-0.116978607843342,-0.35804636291101,-0.83014993162381,0.174077015788142,1.31560881408231,0.128405974197277,-0.0694429742464036,0.357028089395127,-0.231789387929491,-0.0853447565505598,1.02757824907694,0.130992390836529,-1.13923633839747,0.61251808949307,-1.03482958602965,-0.568910965345677,1.1035305923172,-0.294074616494449,-0.4058988570927,-0.800078319616097,1.68268458912619,-1.46346518768218,-1.30693459310155,1.36533786681138,-1.41744392032819,0.0123627866766525,-1.08168696235751,0.290061377388387,0.82136784578363,-0.267809606909341,0.210362308358007,0.975084646636484,0.990231958211639,-0.676275968001108,0.755859421627534,0.124960049638009,-0.699869079784808,-0.732090825862366,1.37175498464675,-0.330756334885854,-0.267336881261754,-0.135542071800031,0.823843758007663,1.50533584690059,0.958511617660102,-0.638602331578722,-0.43861802582556,-0.196469706768935
-1.0102356340266,0.0664061999282132,0.685215694035035,0.702762222986777,0.119464305907897,1.28081290082126,-0.606985756681467,0.116852150395328,-1.63639204802844,0.66081164824796,-1.06815847285083,-0.681314342629129,1.1334670255166,-1.14708691631527,-0.845788281763705,1.03904073781689,-1.11591725991154,0.336182287708726,-0.852445251980745,0.623131739449115,0.363780228931512,0.283116441637274,1.07088839045501,-0.569778860616418,0.0711367451338804,-1.72297591026687,-0.0349111346284187,-0.406236429714674,0.614914084826347,0.389729700408973,-0.829124307249248,0.71402500581891,-1.03946576651743,0.945508323899222,0.440572298656388,0.106565472175109,0.312358532913816,0.535191557748514,0.989056180802226,1.02612311396727,1.13520448351509,-0.711152014102551,0.22871260243984,-1.71248989703919,-0.000265462128477167,-0.89669198195193,1.29183659848414,-1.43862685040491,1.37518068194207,-0.651122218679615,1.659065007724,-0.41606396846527,-1.73070841011945,0.0923144167531189,-1.5582904379595
-1.0102356340266,0.0664061999282132,0.685215694035035,0.702762222986777,0.119464305907897,1.28081290082126,-0.606985756681467,0.116852150395328,-1.63639204802844,0.66081164824796,-1.06815847285083,-0.681314342629129,1.1334670255166,-1.14708691631527,-0.845788281763705,1.03904073781689,-1.11591725991154,0.336182287708726,-0.852445251980745,0.623131739449115,0.363780228931512,0.283116441637274,1.07088839045501,-0.569778860616418,0.0711367451338804,-1.72297591026687,-0.0349111346284187,-0.406236429714674,0.614914084826347,0.389729700408973,-0.829124307249248,0.71402500581891,-1.03946576651743,0.945508323899222,0.440572298656388,0.106565472175109,0.312358532913816,0.535191557748514,0.989056180802226,1.02612311396727,1.13520448351509,-0.711152014102551,0.22871260243984,-1.71248989703919,-0.000265462128477167,-0.89669198195193,1.29183659848414,-1.43862685040491,1.37518068194207,-0.651122218679615,1.659065007724,-0.41606396846527,-1.73070841011945,0.0923144167531189,-1.5582904379595
0.0603449319041431,-0.665032134027111,-1.16508528551602,0.633064405316648,-0.45890938048109,-0.230359621815201,0.886046627863197,-0.116978607843342,-0.35804636291101,-0.83014993162381,0.174077015788142,1.31560881408231,0.128405974197277,-0.0694429742464036,0.357028089395127,-0.231789387929491,-0.0853447565505598,1.02757824907694,0.130992390836529,-1.13923633839747,0.61251808949307,-1.03482958602965,-0.568910965345677,1.1035305923172,-0.294074616494449,-0.4058988570927,-0.800078319616097,1.68268458912619,-1.46346518768218,-1.30693459310155,1.36533786681138,-1.41744392032819,0.0123627866766525,-1.08168696235751,0.290061377388387,0.82136784578363,-0.267809606909341,0.210362308358007,0.975084646636484,0.990231958211639,-0.676275968001108,0.755859421627534,0.124960049638009,-0.699869079784808,-0.732090825862366,1.37175498464675,-0.330756334885854,-0.267336881261754,-0.135542071800031,0.823843758007663,1.50533584690059,0.958511617660102,-0.638602331578722,-0.43861802582556,-0.196469706768935
1.48562153304431,0.0459123784220989,0.811112928495778,0.530857346908975,-0.068862069586392,-0.102877078184623,0.0913467802288188,0.0155563167670683,-1.93806777340784,-0.398231121765286,1.26149757548495,-0.233749894160707,-1.23360548477766,1.35450220170015,1.44757268126257,1.91536879974006,1.38978101617462,1.13718267344047,1.45459742614741,0.519092910426123,0.326601880599774,0.00293313283909258,-0.10325015181569,0.0112817598543835,-0.0564366658547561,-2.06064322101029,0.123795196496719,-0.627088199833289,0.561327470657556,1.64961317971538,1.00137227190071,0.549092880395446,1.42236064633656,1.01806162499773,0.326925287711473,0.363900816120768,1.02547979515992,0.492662719497619,2.14574930561024,0.581174903013942,-0.22660599229768,-0.0239789217912041,0.0471515383547889,-2.06174673431897,-0.109155499019171,0.234125349934468,-0.159531860972245,-1.5138046395443,-0.334792227625484,-0.0413108773560615,-0.43205048661769,-0.00306092835333804,-2.13712553022225,0.0114186950610161,-2.19919047114443
0.0693173638411145,-0.716280620188583,1.66453444289867,0.484932171224941,-0.679827573219873,-1.14645792677142,0.42209005313676,-0.652322201159214,0.824202001977434,-2.12068090687521,-0.0849870163689666,-1.12159121831919,0.0188980498839715,-0.148211286066889,1.16774727318594,0.17361886884053,0.114807550002794,-0.673178420103026,0.355007617274346,1.17826060883902,0.223770834105877,-0.167846486349242,-1.76920782890777,0.212587195624551,-0.339599536725486,0.521108682731206,-0.793052953869347,-1.32272657805936,1.3684040930474,1.1127708204965,-0.708422640474369,1.20802954358419,0.239918877066364,1.72190447173842,0.254337363989881,1.14473081681898,0.0336775968327008,0.308644034042893,-0.68332255869579,0.812752181149291,-1.61646772579478,0.0585892151498875,-0.323483777553516,0.598744712859117,-0.924616444474762,1.75815657343997,-1.45810891117211,0.576576773802719,-0.749341846442375,0.421631863904276,-0.126850298171497,0.780118057079256,0.560795620901969,-0.582543871446949,0.865029128567241
0.270859077072436,-0.123133784210971,-1.3166374944512,-1.73674369936598,-0.263993889349913,-0.0783502856247529,1.04332840882474,-0.243671881909269,0.0312740341784989,-0.43289388079277,0.159526583864641,0.162228488608204,0.562280436720956,0.0194794990221999,0.542209348796722,-0.601852601067054,0.265692888505229,0.516307108347306,0.227924394703754,-1.37065854875646,-1.9593043252509,0.110617916662489,-0.340362751784724,0.931985528759677,-0.569055706783831,-0.226196242762273,-0.026350861796661,-0.305956847610518,-1.17445287191679,-1.69643607239193,-1.33195380074601,-1.5266790416844,0.0933522131504109,-1.52479005364207,-1.42964803627289,-1.43551198824932,-1.21297714044302,-1.43910709452248,0.127683612246906,-1.91285793312861,-0.310438251105874,0.977488026348441,-1.05750374566271,0.0121352705473745,-0.0177701612908169,1.00058361222173,-0.349773559967992,0.178115414554567,-0.238942994951699,1.08543485456008,-0.640791829268747,1.02320484114519,0.0761137900886026,-0.247970742121572,-0.0136695432955745
-0.245304844012041,-0.00191680440163872,-0.0898099931729169,1.45387758665565,-0.0347118378414533,1.06098753682678,-0.0294005621801773,-0.0691182233157098,0.550395230584091,-0.357943621206125,-0.259721483447052,-0.339474461216778,-0.244360039270522,-0.232877254915075,-1.1353648436406,0.229215813636752,-0.178600945190475,-0.677861875101157,-0.231493057939259,-0.122519882575611,1.2084525020535,-0.0823575731753322,1.2578487990533,-0.0418869515865745,-0.186052623936669,0.582132938023195,-0.0960548471892862,1.18243900791619,-0.097030124415493,0.510666375457883,-0.065602897343717,-0.203876623053693,0.181358406830099,-0.0904817988605099,1.26484921949088,0.220154532890633,-0.156280518882578,1.41146504593998,0.520847358017462,1.63577106793481,1.22787628140576,-0.0941253987968322,-0.229066801528994,0.467085060297775,-0.200735192948733,-1.15462594632859,1.03320436293883,0.032083654373346,0.958153439195284,0.0867632529559705,-0.498758555671071,0.0346321237509685,0.774941946966492,-0.231150461187887,0.559758972872243
-1.4165880369241,-0.19895241768908,0.237481134053477,-0.0948572403882078,-0.105229033552163,0.27485808845657,0.310937267745478,-0.609170818574121,0.669884039242995,-0.766463622028318,-1.22834350967784,-1.04023645358676,1.23258552373718,-1.31200079281385,-1.12225214720102,-1.67061564944174,-1.45884564318295,-1.39340744383464,-1.30960852812439,0.331250032781549,0.318428934451242,-0.363305395302954,0.128595115036141,0.459087576844638,-0.777198442757641,0.621821634260891,-0.184211811186402,-0.671437848793104,0.180709480361639,-0.332173155012383,0.271760803808318,0.113763737280952,-0.343312685383447,0.107029002074888,0.322268096338991,-0.211548053294787,-0.335201202504213,1.04424844351956,-1.02577828582309,0.284150666409502,0.227603795126383,0.597736065246891,-0.582635277404148,0.634249694648159,-0.0522826081904574,1.01195004232185,0.164181271562739,0.338480910870428,0.0367699918627976,0.781235141959503,0.330229410403913,0.615728355565148,0.660871100310339,-0.108210742208585,0.497353005400538
-0.486015639187589,0.434409179954422,-0.505452708029685,-1.10734221705447,0.29736873140873,-5.28648493792749e-05,-2.59513449777964,0.285307825779509,-0.862782859342023,0.233004339272411,-0.539578427233976,0.60308653638698,1.06950971415111,-0.37951016849961,-0.331097188651774,3.11656793821869,-0.571730939892983,0.632146636423663,-0.407845502347676,-0.588908214854936,-1.01758349563651,0.365272476440358,0.084280804114749,-2.5068848291426,0.228012940131486,-0.798001333261825,0.29316029536222,0.964538417315266,-0.430169816786068,-0.0478775078317613,2.22946152481453,-0.532691380558113,0.597546302587349,-0.482181510685577,-1.01221030191862,-0.707299266064832,2.31516278160194,-0.877608923628763,0.260934619861402,-1.00879179727858,-0.021530367703799,-2.51391184369576,0.315383036032123,-0.86368893187815,0.134478689917857,-2.58938417947724,0.204924923945996,-1.07148545226458,-0.0675898027258193,-2.51187423981001,-1.88546766042622,-2.53104207217219,-0.706184600610864,0.222146924060504,-0.884167788724511
0.606158965468282,0.0757511713492065,-1.25264755799738,0.0377455266129034,-0.0321447380709849,0.716720398687653,0.856247887350996,0.125047276580422,-1.20838564660654,-0.843372703640136,0.189214628822047,-1.56359801863527,-0.943239708772871,0.409203475877033,0.55047115332526,-0.0900144696735532,0.275010197000413,-1.56108235841988,0.571036291810171,-1.45695732167447,-0.44503664310394,0.166898756317758,0.939624673451906,0.467313108730538,0.0158036575043211,-1.35617903131313,-0.342119378334391,0.6013723634088,-1.1338169560549,-2.20803174656784,-2.14951865189629,-1.58005682937044,-1.36816757476019,-1.32954237995651,-0.188410712921296,-0.527917454063147,-1.44054738153916,-0.46977950897459,0.718526656356397,0.0688130449985324,0.892178326736322,0.717479398693692,0.111285186764535,-1.31727628257262,-0.318274870858983,0.798935893171142,0.83012415612458,-1.34653775687828,0.870690401793833,0.53500616334473,-2.14259156886812,0.742438662475103,-1.46775154358403,-0.284429435247981,-1.38285247175653
0.0174184182824404,-0.235188380317753,0.278553787511038,-2.10333804719532,-0.323574188087433,0.074099035965645,-0.745291107247596,-0.329148914121608,-0.0752164356909177,0.910516608981696,0.0373518664675991,-0.542538743679372,0.950154260417412,0.0341216383595011,-0.0922521019632867,0.501512443926243,0.0549976696286907,-0.130821889697637,0.0587972889795099,0.290834098092286,-1.55170615245883,-0.00947063788931291,-0.0965633988471165,-0.645577970648459,0.0248444207168359,-0.1010526363426,-0.0858191182103396,-1.38329119704115,0.250238833296789,0.129375805900284,-1.55178079777072,0.19822262046759,-0.0215588982566006,0.395873335708093,-1.62315408844706,-1.47934147450423,0.0446488630663067,-1.79948768621132,-0.630566923773083,-1.87379302707612,-0.153220461496055,-0.653905106059963,-0.0527103805304751,-0.12808929719884,-0.20476373876155,-1.11133198787146,-0.225647246392657,-0.120751236500086,0.352987206121692,-0.652967366532453,-1.24168681402483,-0.607433802510798,-0.130437653060701,-0.255595721583337,0.0458703401325147
-0.639858285089983,-0.142629606179737,-2.50404483583313,-0.0204209555670211,-0.0538743129291367,-0.754368496618561,-0.281014525302182,0.655750906884831,0.402256852564268,-0.783343633394458,-0.52680037072355,0.325356733865928,0.798237715121012,-0.507917015835173,-0.263422092448455,0.367140905553026,-0.628706516313782,-0.0327739320268478,-0.72187051361396,-2.59773404181671,-0.0508430387228133,0.0487006650097791,-0.825394380691862,-0.212377428754763,0.748328048116321,0.192368884825219,-0.128683103238416,2.00345427496732,-2.45887283678872,-0.384836993163927,0.304570555512533,-2.52058524663078,0.343702453939063,-2.6439503846103,-0.0846337844720765,0.680096380151127,0.387995624381537,-0.474312433302467,-0.098538953402611,0.015196182047804,-0.688925508229513,-0.139755890881929,0.891656619991833,0.267203212727042,-0.154474466732248,0.130679132817433,-0.743142126270141,0.396680184406312,-1.19240425178749,-0.338104080969089,-0.0124018993698216,-0.379897777783281,-0.138054826053104,0.662225979629925,0.405805366410334
-0.426207143544088,0.182372132943311,1.36576659116366,-0.145948463960658,0.215682191488509,1.63344309162867,-1.92020801837006,0.0607152967836079,-0.594331290696767,-0.216833207368852,-0.275366020202834,-1.89215288050157,-0.610848034444777,-0.248949840761942,-1.56557340810927,-0.194609516977548,-0.370233953241197,-0.215512797249748,-0.425079183992548,1.61457275753165,0.199580282569274,-0.125133676283549,2.09489500699394,-1.79960001916274,-0.113667397974493,-0.52051978486092,0.0467318673878045,-0.758848795336514,1.42713708164149,1.10334367844016,-2.58640684199828,1.48534077540097,-0.58338678552184,1.48857279391693,-0.0631602280979693,-0.285474639587281,-0.373838026904735,0.0769237027129663,-0.0184366650599749,-0.0209628677109439,2.01205487668281,-1.78018704522463,-0.00727844402813516,-0.530243504731749,0.00344389707747983,-2.37212897615523,1.68052862600268,-0.133299917237674,1.85924246965394,-1.76623257721979,-1.18194353106029,-1.90407568970067,-0.490077873031989,-0.080815931632664,-0.64282839029171
-0.889162733124778,-0.0804456555799981,0.176354867241995,-0.435328490729795,-0.0929712594003146,-0.183783608219107,-1.41549497957945,-0.191763491937635,-1.15788282652462,-2.35688533057871,-0.886290640829843,-0.861964294822882,0.366642288211963,-0.897458336174014,-1.28792818345221,-0.956237436211709,-0.976465798906465,-0.79949591086075,-0.926754646373827,0.0906046982327788,-0.416393682350111,-0.0558727660916266,-0.298661068971593,-1.35227673444967,-0.102213137004772,-1.24534791729482,-0.517270645522162,-0.659519652914678,0.0644505308716548,0.0834080321867505,-1.30300099917984,0.0575915059396278,-1.81489273255755,0.0732181145805927,-0.388421658139125,-0.242813173517283,0.85045781936426,-0.514612204665815,0.708323915856569,-0.210214998930041,-0.309507733065619,-1.31865037662362,-0.0862870651663772,-1.18904610625026,-0.61730452746921,-1.82088257200652,-0.405277481369942,-1.31547846559916,-0.501564196578109,-1.39353952223233,-0.509974193916799,-1.34644702266295,-1.28209825686933,-0.648109844156081,-1.14391793757731
-1.35654503705038,0.0629766306143414,-1.93995844771151,-3.66068641667675,0.108853174404588,0.584777643552391,0.0895043074225185,0.226647291637689,1.42339714627672,0.863305236773724,-1.2102706090666,-0.534331361595357,-0.356550601583915,-1.24475387189348,-2.13548112878414,0.945630096085847,-1.45191467854967,-0.534896159611907,-1.49741802745656,-1.80678858079942,-2.9014407735859,0.0570320281336529,0.819046559088397,0.164970344438078,0.13711959448076,1.48808981718247,0.214511962472867,-0.328592391989496,-1.80694177391888,-2.60166298643157,0.252975001493236,-1.89035952761476,-0.517097823853588,-2.07595969970364,-2.85054316027974,-3.48750238344393,-0.0509776902880515,-3.62993673368273,-1.45403655183184,-4.24846199727603,0.822739660457124,0.136832322153542,0.31320089183972,1.53451499618733,0.295161494166699,-0.797991192613989,0.650599901955061,1.00737360958704,0.421379150575142,0.0405845572102986,-1.04339351709074,0.070696165750775,1.34242121519012,0.198598798955227,1.38786303879931
-1.13031260161929,-0.0907438962137416,3.79043348577968,3.2249034965593,-0.0492686339291794,-0.251809430386026,-2.53080433798564,-0.120189259915357,-1.95376732981869,-0.641041144705824,-1.00896821069456,0.812502143208733,0.889818578143362,-1.15411424961391,-1.09591309106939,-0.260173095851816,-1.09494395687852,-0.0245334669400308,-1.09964190697267,3.8806956413127,2.87018855879233,-0.195025851294335,-0.177461451763181,-2.38402535500629,-0.0575935682378932,-1.87403814656245,-0.314860513933044,-2.17320706395171,3.7446233495913,4.13793960157152,0.864018145622743,3.96221186771998,-0.783665018422593,3.8899370859588,3.01525986886141,2.05170871609072,2.06600022518994,2.78975431342823,0.26806834398503,3.25861819382767,-0.301865939677515,-2.59082971177167,-0.232579623083796,-1.98841173642794,-0.267455464638585,-2.15980763704147,-0.203088526126801,-1.73516542703666,-0.268167768949978,-2.50759385427524,0.0934127065862096,-2.37586838111933,-2.00889260761001,-0.362352139095073,-1.92239621903639
-0.442139827668044,0.317320589120309,0.322097541929617,-0.934554771504769,0.44754576467626,0.171571828012581,-1.07500734709735,0.206554228478888,-1.5586176556831,1.3701511591344,-0.48229973606313,0.379099388185927,-0.0824135516776849,-0.467517364982865,-0.255586822070848,-0.268872937972233,-0.454749818780841,-0.74475896222155,-0.530943578685205,0.273031412409428,-1.10059375163618,0.23612801998842,0.195233730941114,-1.11166361222016,-0.00479337811049391,-1.58842402778619,0.573442956848949,-0.189227774681904,0.234646966360225,0.109715645555563,0.4158327475053,0.104108696540298,0.798400913905262,0.11457677275637,-0.977281010407218,-0.565170475106063,0.461275461492138,-1.23304986916919,0.92270794594371,-1.28752263111301,0.263997219678584,-1.13196281384771,0.296113216566031,-1.56698829794002,0.647484253200487,-0.75589772383382,0.0848967760770785,-1.23822851171785,0.266851516789422,-1.14631654539213,-0.474499155396306,-1.19662014873048,-1.79738994216044,0.470097551041041,-1.72951183454922
-0.0872677576057247,-0.0679226312604966,0.996886436083153,0.860607515671179,-0.130868642396463,-0.154218420880636,0.247198819848832,-0.0176315860220482,-0.213838778055728,-3.28714061586136,-0.0768563140525833,-0.169857338638886,0.153308436618997,-0.077009564581483,0.0988341178204617,-0.149917905120032,-0.0260375949656133,0.167349530121877,0.135448457111125,0.826591779645433,0.570733924826184,-0.293882921291956,-0.192686727356849,0.25029387468304,-0.0529137937682292,-0.230012191298991,-0.9144038491015,-0.0423443700121349,0.729345735778819,1.46977746353354,0.310101396973654,0.989278103211641,1.99748514725687,0.870741206457237,0.349220602902865,1.21493462162556,0.0163141823739859,0.819880254839069,1.2102581373766,1.39850266190685,-0.307969740429652,0.253862516482924,-0.31748322827841,-0.32836423825111,-0.777604149776648,0.520163059636762,-0.0596140235133377,0.0259666058424368,-0.446718507236815,0.324811480283481,0.643717594151085,0.449896892983126,-0.161134034218299,-0.642776649762932,-0.410246024573213
-0.442139827668044,0.317320589120309,0.322097541929617,-0.934554771504769,0.44754576467626,0.171571828012581,-1.07500734709735,0.206554228478888,-1.5586176556831,1.3701511591344,-0.48229973606313,0.379099388185927,-0.0824135516776849,-0.467517364982865,-0.255586822070848,-0.268872937972233,-0.454749818780841,-0.74475896222155,-0.530943578685205,0.273031412409428,-1.10059375163618,0.23612801998842,0.195233730941114,-1.11166361222016,-0.00479337811049391,-1.58842402778619,0.573442956848949,-0.189227774681904,0.234646966360225,0.109715645555563,0.4158327475053,0.104108696540298,0.798400913905262,0.11457677275637,-0.977281010407218,-0.565170475106063,0.461275461492138,-1.23304986916919,0.92270794594371,-1.28752263111301,0.263997219678584,-1.13196281384771,0.296113216566031,-1.56698829794002,0.647484253200487,-0.75589772383382,0.0848967760770785,-1.23822851171785,0.266851516789422,-1.14631654539213,-0.474499155396306,-1.19662014873048,-1.79738994216044,0.470097551041041,-1.72951183454922
0.696202359529486,-0.595532942145527,-0.498689229976687,3.64042767170529,-0.601693912955542,-0.181051286397665,1.52653746146458,-0.40865578768013,-1.69138771702759,-0.993759311587773,0.646167071971007,1.52507979468631,-1.45639836731102,0.416636932463157,0.821800433048668,-0.433116428315756,0.719438576737591,1.26357300879478,0.685776225890096,-0.675535601887383,3.57721800668823,-0.761393648685846,-0.679155919366109,1.39579765354155,-0.216214390576804,-1.70562081632215,-0.889124499957111,1.89370862632167,-0.776741798119054,-0.470960320042412,2.53434861746828,-0.56808036560323,-1.59680587169817,-0.594046567832438,3.6168737059275,2.32520027861593,-0.46276855239755,3.92557337983461,0.952874991035687,3.27728185396836,-0.585006446269697,1.10915039691437,-0.775815460629534,-1.70538748986505,-0.632381354248183,1.9233783851053,-0.52650324853753,-1.69553383407427,-0.319425781169418,1.5617619828896,2.90184438594917,1.59412979100464,-1.70225867002268,-0.506715153781628,-1.86465099804612
-1.0102356340266,0.0664061999282132,0.685215694035035,0.702762222986777,0.119464305907897,1.28081290082126,-0.606985756681467,0.116852150395328,-1.63639204802844,0.66081164824796,-1.06815847285083,-0.681314342629129,1.1334670255166,-1.14708691631527,-0.845788281763705,1.03904073781689,-1.11591725991154,0.336182287708726,-0.852445251980745,0.623131739449115,0.363780228931512,0.283116441637274,1.07088839045501,-0.569778860616418,0.0711367451338804,-1.72297591026687,-0.0349111346284187,-0.406236429714674,0.614914084826347,0.389729700408973,-0.829124307249248,0.71402500581891,-1.03946576651743,0.945508323899222,0.440572298656388,0.106565472175109,0.312358532913816,0.535191557748514,0.989056180802226,1.02612311396727,1.13520448351509,-0.711152014102551,0.22871260243984,-1.71248989703919,-0.000265462128477167,-0.89669198195193,1.29183659848414,-1.43862685040491,1.37518068194207,-0.651122218679615,1.659065007724,-0.41606396846527,-1.73070841011945,0.0923144167531189,-1.5582904379595
0.013433210408389,0.204268726760189,0.534594081047701,0.418112992325754,0.690733929680262,0.296532260443263,0.821674032982115,0.0507777920310094,1.22131748816631,-0.058958517587905,0.0877077652677853,0.315404390473335,0.252288586319645,0.0918824529009492,-0.0133469554742685,1.1391211725061,-0.0333124840169328,0.926871425278197,0.169795477940524,0.64614878766384,0.44056232887786,0.53926505034,0.133896032468566,0.837227510996785,-0.233407953850045,1.25322482518562,0.20318802194317,-0.36354305240078,0.270525279504979,-0.385041224234091,0.446441531392446,0.0793778056221077,0.361463519557582,0.439537438857002,-0.342155735495,-0.324575417119191,-0.2523296099275,-0.349936129544697,-0.724055867042462,0.62598114683871,0.087747392436068,0.605822641385727,0.280813204930552,0.835144314835033,0.384440516316124,0.503804496201977,-0.201579836880422,0.332651282128812,0.770774056279719,0.518722775813484,0.260990487852683,0.758800818607117,0.680798572964864,-0.0597547084640455,1.04096101579946
-1.13031260161929,-0.0907438962137416,3.79043348577968,3.2249034965593,-0.0492686339291794,-0.251809430386026,-2.53080433798564,-0.120189259915357,-1.95376732981869,-0.641041144705824,-1.00896821069456,0.812502143208733,0.889818578143362,-1.15411424961391,-1.09591309106939,-0.260173095851816,-1.09494395687852,-0.0245334669400308,-1.09964190697267,3.8806956413127,2.87018855879233,-0.195025851294335,-0.177461451763181,-2.38402535500629,-0.0575935682378932,-1.87403814656245,-0.314860513933044,-2.17320706395171,3.7446233495913,4.13793960157152,0.864018145622743,3.96221186771998,-0.783665018422593,3.8899370859588,3.01525986886141,2.05170871609072,2.06600022518994,2.78975431342823,0.26806834398503,3.25861819382767,-0.301865939677515,-2.59082971177167,-0.232579623083796,-1.98841173642794,-0.267455464638585,-2.15980763704147,-0.203088526126801,-1.73516542703666,-0.268167768949978,-2.50759385427524,0.0934127065862096,-2.37586838111933,-2.00889260761001,-0.362352139095073,-1.92239621903639
-0.0872677576057247,-0.0679226312604966,0.996886436083153,0.860607515671179,-0.130868642396463,-0.154218420880636,0.247198819848832,-0.0176315860220482,-0.213838778055728,-3.28714061586136,-0.0768563140525833,-0.169857338638886,0.153308436618997,-0.077009564581483,0.0988341178204617,-0.149917905120032,-0.0260375949656133,0.167349530121877,0.135448457111125,0.826591779645433,0.570733924826184,-0.293882921291956,-0.192686727356849,0.25029387468304,-0.0529137937682292,-0.230012191298991,-0.9144038491015,-0.0423443700121349,0.729345735778819,1.46977746353354,0.310101396973654,0.989278103211641,1.99748514725687,0.870741206457237,0.349220602902865,1.21493462162556,0.0163141823739859,0.819880254839069,1.2102581373766,1.39850266190685,-0.307969740429652,0.253862516482924,-0.31748322827841,-0.32836423825111,-0.777604149776648,0.520163059636762,-0.0596140235133377,0.0259666058424368,-0.446718507236815,0.324811480283481,0.643717594151085,0.449896892983126,-0.161134034218299,-0.642776649762932,-0.410246024573213
0.56836732399031,-0.0741188811433742,-2.08749496837838,1.07003537820985,-0.244620175715354,-0.1368974819239,1.61034294690473,-0.0420071135690059,-0.74391463318206,-1.12578738814731,0.539013026503427,2.33516257116587,-0.390246140163409,0.610788324640418,0.715121542317617,-0.617581289534858,0.557675102020902,2.00688781218722,0.471769040613704,-2.05438313445429,0.838756479612669,-0.050156404987842,-0.283963105729563,1.51833802638955,0.127562978001215,-0.86155448310966,-0.116605624914947,3.01071653208351,-1.89790934798177,-2.36814666440097,2.92755468208154,-2.0425474611767,-0.312835459521491,-2.28877481285235,1.06655381914454,0.90921110986904,-0.786494887857343,0.793468395194332,1.99133641629575,0.923682002063467,-0.409921486927205,1.59900107110321,-0.153583503089877,-0.779849090095277,-0.217651293046441,1.82705616125986,-0.272718640247059,-0.649334596971799,-0.540380921252563,1.56965899348008,3.00287884937601,1.55251609445975,-0.97419392853502,-0.124512723008261,-0.764695323461038
0.15962895759967,-0.255449750792759,-0.824703625685399,0.149993261072283,-0.200338977196149,-0.0167877116177247,0.226783084624655,-0.341047534649086,-1.84114538240512,-0.947517223542921,0.134353786713294,1.40601862390931,-0.0860911763970411,0.143918516237324,0.454100804743904,0.151703711976798,0.134518730404043,2.3202129024371,0.179071844488033,-0.824297252928397,0.220565785442119,-0.00751521599658395,0.0215808177293673,0.231333369163191,-0.377994089663256,-1.88942059219199,-0.591356004402683,0.89346852724678,-0.843566911306217,0.349119283299498,1.68149664523652,-0.729177593678138,-0.981701320011267,-0.884796992137318,0.28864790520191,0.0737656104369053,0.00338813252783066,0.42136264952454,1.82798578879269,0.451296926302196,-0.0437970450811932,0.190710018313848,-0.312185521117475,-1.93588616690527,-0.510257714226546,0.597895308789429,0.060081713562623,-0.779789032425102,-0.0979495957104582,0.290556560392675,2.05300606925671,0.224471140408617,-1.87528645958211,-0.451108187399054,-1.74572510422471
0.553276989678696,0.0106384844142944,-1.62221633163861,-0.186821458799956,0.0798235686393386,-1.43885715501403,0.684141961969533,0.0974330712567537,-1.48990028005245,-1.55241419581374,0.457584253100716,1.97031604942475,-0.966572937786473,0.351734323209172,0.900441581894093,-0.697454113478378,0.410173663763852,1.12932194117591,0.648099793199332,-1.75384483117285,-0.129499313933196,0.335361517028421,-1.37120898783048,0.676922619128602,0.134509029183339,-1.58255190298712,-0.469129808575363,1.08300395287388,-1.81377493129496,-1.52509693691428,-0.145359271381329,-1.801862752319,-1.35478012916717,-1.8590944576743,-0.220329964116232,0.827887081501054,-1.72262923670821,-0.356915553088826,1.62107320512356,-0.0729278256207117,-1.3529655845312,0.619329182871071,0.16106613247529,-1.42947555769208,-0.451187650245166,0.135678426341357,-1.2642338428453,-1.33016714318377,-1.55778142687678,0.614312086641825,0.281565302438112,0.69436423838784,-1.77899524151589,-0.355471419851611,-1.65980266908047
